Workbook

Sheet Dashboard
B2: INDIA CPI INFLATION STUDY — ANALYSIS WORKBOOK
B3: NSO CPI Dataset • 2013–2023 • Rural, Urban, Rural+Urban • 27 Categories
B5: Data Cleaning | C5: Fixed typos, imputed missing values, converted data types
B6: Q1: CPI Basket | C6: Broader category contributions to CPI (May 2023) | D6: Tobacco highest at 9.3%
B7: Q2: YoY Trend | C7: Annual inflation rates 2017–2023 with key drivers | D7: 2019 peak at 7.74%
B8: Q3: Food Prices | C8: 12-month food inflation & biggest category contributor | D8: Spices +30.9 pts biggest driver
B9: Q4: COVID Impact | C9: Pre vs post-lockdown inflation across key categories | D9: Post-COVID index +9.4%
B10: Q5: Oil Prices | C10: Correlation of Brent crude with CPI category changes | D10: Fuel & Light strongest +0.548

Sheet Raw_Data
A1: Sector | B1: Year | C1: Month | D1: Cereals and products | E1: Meat and fish | F1: Egg | G1: Milk and products | H1: Oils and fats | I1: Fruits | J1: Vegetables | K1: Pulses and products | L1: Sugar and Confectionery | M1: Spices | N1: Non-alcoholic beverages | O1: Prepared meals, snacks, sweets etc. | P1: Food and beverages | Q1: Pan, tobacco and intoxicants | R1: Clothing | S1: Footwear | T1: Clothing and footwear | U1: Housing | V1: Fuel and light | W1: Household goods and services | X1: Health | Y1: Transport and communication | Z1: Recreation and amusement | AA1: Education | AB1: Personal care and effects | AC1: Miscellaneous | AD1: General index
A2: Rural | B2: 2013 | C2: January | D2: 107.5 | E2: 106.3 | F2: 108.1 | G2: 104.9 | H2: 106.1 | I2: 103.9 | J2: 101.9 | K2: 106.1 | L2: 106.8 | M2: 103.1 | N2: 104.8 | O2: 106.7 | P2: 105.5 | Q2: 105.1 | R2: 106.5 | S2: 105.8 | T2: 106.4 | U2: NA | V2: 105.5 | W2: 104.8 | X2: 104 | Y2: 103.3 | Z2: 103.4 | AA2: 103.8 | AB2: 104.7 | AC2: 104 | AD2: 105.1
A3: Urban | B3: 2013 | C3: January | D3: 110.5 | E3: 109.1 | F3: 113 | G3: 103.6 | H3: 103.4 | I3: 102.3 | J3: 102.9 | K3: 105.8 | L3: 105.1 | M3: 101.8 | N3: 105.1 | O3: 107.9 | P3: 105.9 | Q3: 105.2 | R3: 105.9 | S3: 105 | T3: 105.8 | U3: 100.3 | V3: 105.4 | W3: 104.8 | X3: 104.1 | Y3: 103.2 | Z3: 102.9 | AA3: 103.5 | AB3: 104.3 | AC3: 103.7 | AD3: 104
A4: Rural+Urban | B4: 2013 | C4: January | D4: 108.4 | E4: 107.3 | F4: 110 | G4: 104.4 | H4: 105.1 | I4: 103.2 | J4: 102.2 | K4: 106 | L4: 106.2 | M4: 102.7 | N4: 104.9 | O4: 107.3 | P4: 105.6 | Q4: 105.1 | R4: 106.3 | S4: 105.5 | T4: 106.2 | U4: 100.3 | V4: 105.5 | W4: 104.8 | X4: 104 | Y4: 103.2 | Z4: 103.1 | AA4: 103.6 | AB4: 104.5 | AC4: 103.9 | AD4: 104.6
A5: Rural | B5: 2013 | C5: February | D5: 109.2 | E5: 108.7 | F5: 110.2 | G5: 105.4 | H5: 106.7 | I5: 104 | J5: 102.4 | K5: 105.9 | L5: 105.7 | M5: 103.1 | N5: 105.1 | O5: 107.7 | P5: 106.3 | Q5: 105.6 | R5: 107.1 | S5: 106.3 | T5: 107 | U5: NA | V5: 106.2 | W5: 105.2 | X5: 104.4 | Y5: 103.9 | Z5: 104 | AA5: 104.1 | AB5: 104.6 | AC5: 104.4 | AD5: 105.8
A6: Urban | B6: 2013 | C6: February | D6: 112.9 | E6: 112.9 | F6: 116.9 | G6: 104 | H6: 103.5 | I6: 103.1 | J6: 104.9 | K6: 104.1 | L6: 103.8 | M6: 102.3 | N6: 106 | O6: 109 | P6: 107.2 | Q6: 106 | R6: 106.6 | S6: 105.5 | T6: 106.4 | U6: 100.4 | V6: 105.7 | W6: 105.2 | X6: 104.7 | Y6: 104.4 | Z6: 103.3 | AA6: 103.7 | AB6: 104.3 | AC6: 104.3 | AD6: 104.7
A7: Rural+Urban | B7: 2013 | C7: February | D7: 110.4 | E7: 110.2 | F7: 112.8 | G7: 104.9 | H7: 105.5 | I7: 103.6 | J7: 103.2 | K7: 105.3 | L7: 105.1 | M7: 102.8 | N7: 105.5 | O7: 108.3 | P7: 106.6 | Q7: 105.7 | R7: 106.9 | S7: 106 | T7: 106.8 | U7: 100.4 | V7: 106 | W7: 105.2 | X7: 104.5 | Y7: 104.2 | Z7: 103.6 | AA7: 103.9 | AB7: 104.5 | AC7: 104.4 | AD7: 105.3
A8: Rural | B8: 2013 | C8: March | D8: 110.2 | E8: 108.8 | F8: 109.9 | G8: 105.6 | H8: 106.2 | I8: 105.7 | J8: 101.4 | K8: 105.7 | L8: 105 | M8: 103.3 | N8: 105.6 | O8: 108.2 | P8: 106.6 | Q8: 106.5 | R8: 107.6 | S8: 106.8 | T8: 107.5 | U8: NA | V8: 106.1 | W8: 105.6 | X8: 104.7 | Y8: 104.6 | Z8: 104 | AA8: 104.3 | AB8: 104.3 | AC8: 104.6 | AD8: 106
A9: Urban | B9: 2013 | C9: March | D9: 113.9 | E9: 111.4 | F9: 113.2 | G9: 104.3 | H9: 102.7 | I9: 104.9 | J9: 103.8 | K9: 103.5 | L9: 102.6 | M9: 102.4 | N9: 107 | O9: 109.8 | P9: 107.3 | Q9: 106.8 | R9: 107.2 | S9: 106 | T9: 107 | U9: 100.4 | V9: 106 | W9: 105.7 | X9: 105.2 | Y9: 105.5 | Z9: 103.5 | AA9: 103.8 | AB9: 104.2 | AC9: 104.9 | AD9: 105
A10: Rural+Urban | B10: 2013 | C10: March | D10: 111.4 | E10: 109.7 | F10: 111.2 | G10: 105.1 | H10: 104.9 | I10: 105.3 | J10: 102.2 | K10: 105 | L10: 104.2 | M10: 103 | N10: 106.2 | O10: 108.9 | P10: 106.9 | Q10: 106.6 | R10: 107.4 | S10: 106.5 | T10: 107.3 | U10: 100.4 | V10: 106.1 | W10: 105.6 | X10: 104.9 | Y10: 105.1 | Z10: 103.7 | AA10: 104 | AB10: 104.3 | AC10: 104.7 | AD10: 105.5
A11: Rural | B11: 2013 | C11: April | D11: 110.2 | E11: 109.5 | F11: 106.9 | G11: 106.3 | H11: 105.7 | I11: 108.3 | J11: 103.4 | K11: 105.7 | L11: 104.2 | M11: 103.2 | N11: 106.5 | O11: 108.8 | P11: 107.1 | Q11: 107.1 | R11: 108.1 | S11: 107.4 | T11: 108 | U11: NA | V11: 106.5 | W11: 106.1 | X11: 105.1 | Y11: 104.4 | Z11: 104.5 | AA11: 104.8 | AB11: 102.7 | AC11: 104.6 | AD11: 106.4
A12: Urban | B12: 2013 | C12: April | D12: 114.6 | E12: 113.4 | F12: 106 | G12: 104.7 | H12: 102.1 | I12: 109.5 | J12: 109.7 | K12: 104.6 | L12: 102 | M12: 103.5 | N12: 108.2 | O12: 110.6 | P12: 108.8 | Q12: 108.5 | R12: 107.9 | S12: 106.4 | T12: 107.7 | U12: 100.5 | V12: 106.4 | W12: 106.5 | X12: 105.7 | Y12: 105 | Z12: 104 | AA12: 105.2 | AB12: 103.2 | AC12: 105.1 | AD12: 105.7
A13: Rural+Urban | B13: 2013 | C13: April | D13: 111.6 | E13: 110.9 | F13: 106.6 | G13: 105.7 | H13: 104.4 | I13: 108.9 | J13: 105.5 | K13: 105.3 | L13: 103.5 | M13: 103.3 | N13: 107.2 | O13: 109.6 | P13: 107.7 | Q13: 107.5 | R13: 108 | S13: 107 | T13: 107.9 | U13: 100.5 | V13: 106.5 | W13: 106.3 | X13: 105.3 | Y13: 104.7 | Z13: 104.2 | AA13: 105 | AB13: 102.9 | AC13: 104.8 | AD13: 106.1
A14: Rural | B14: 2013 | C14: May | D14: 110.9 | E14: 109.8 | F14: 105.9 | G14: 107.5 | H14: 105.3 | I14: 108.1 | J14: 107.3 | K14: 106.1 | L14: 103.7 | M14: 104 | N14: 107.4 | O14: 109.9 | P14: 108.1 | Q14: 108.1 | R14: 108.8 | S14: 107.9 | T14: 108.6 | U14: NA | V14: 107.5 | W14: 106.8 | X14: 105.7 | Y14: 104.1 | Z14: 105 | AA14: 105.5 | AB14: 102.1 | AC14: 104.8 | AD14: 107.2
A15: Urban | B15: 2013 | C15: May | D15: 115.4 | E15: 114.2 | F15: 102.7 | G15: 105.5 | H15: 101.5 | I15: 110.6 | J15: 123.7 | K15: 105.2 | L15: 101.9 | M15: 105 | N15: 109.1 | O15: 111.3 | P15: 111.1 | Q15: 109.8 | R15: 108.5 | S15: 106.7 | T15: 108.3 | U15: 100.5 | V15: 107.2 | W15: 107.1 | X15: 106.2 | Y15: 103.9 | Z15: 104.6 | AA15: 105.7 | AB15: 102.6 | AC15: 104.9 | AD15: 106.6
A16: Rural+Urban | B16: 2013 | C16: May | D16: 112.3 | E16: 111.3 | F16: 104.7 | G16: 106.8 | H16: 103.9 | I16: 109.3 | J16: 112.9 | K16: 105.8 | L16: 103.1 | M16: 104.3 | N16: 108.1 | O16: 110.5 | P16: 109.2 | Q16: 108.6 | R16: 108.7 | S16: 107.4 | T16: 108.5 | U16: 100.5 | V16: 107.4 | W16: 106.9 | X16: 105.9 | Y16: 104 | Z16: 104.8 | AA16: 105.6 | AB16: 102.3 | AC16: 104.8 | AD16: 106.9
A17: Rural | B17: 2013 | C17: June | D17: 112.3 | E17: 112.1 | F17: 108.1 | G17: 108.3 | H17: 105.9 | I17: 109.2 | J17: 118 | K17: 106.8 | L17: 104.1 | M17: 105.4 | N17: 108.2 | O17: 111 | P17: 110.6 | Q17: 109 | R17: 109.7 | S17: 108.8 | T17: 109.5 | U17: NA | V17: 108.5 | W17: 107.5 | X17: 106.3 | Y17: 105 | Z17: 105.6 | AA17: 106.5 | AB17: 102.5 | AC17: 105.5 | AD17: 108.9
A18: Urban | B18: 2013 | C18: June | D18: 117 | E18: 120.1 | F18: 112.5 | G18: 107.3 | H18: 101.3 | I18: 112.4 | J18: 143.6 | K18: 105.4 | L18: 101.4 | M18: 106.4 | N18: 110 | O18: 112.2 | P18: 115 | Q18: 110.9 | R18: 109.2 | S18: 107.2 | T18: 108.9 | U18: 106.6 | V18: 108 | W18: 107.7 | X18: 106.5 | Y18: 105.2 | Z18: 105.2 | AA18: 108.1 | AB18: 103.3 | AC18: 106.1 | AD18: 109.7
A19: Rural+Urban | B19: 2013 | C19: June | D19: 113.8 | E19: 114.9 | F19: 109.8 | G19: 107.9 | H19: 104.2 | I19: 110.7 | J19: 126.7 | K19: 106.3 | L19: 103.2 | M19: 105.7 | N19: 109 | O19: 111.6 | P19: 112.2 | Q19: 109.5 | R19: 109.5 | S19: 108.1 | T19: 109.3 | U19: 106.6 | V19: 108.3 | W19: 107.6 | X19: 106.4 | Y19: 105.1 | Z19: 105.4 | AA19: 107.4 | AB19: 102.8 | AC19: 105.8 | AD19: 109.3
A20: Rural | B20: 2013 | C20: July | D20: 113.4 | E20: 114.9 | F20: 110.5 | G20: 109.3 | H20: 106.2 | I20: 110.3 | J20: 129.2 | K20: 107.1 | L20: 104.3 | M20: 106.4 | N20: 109.1 | O20: 112.1 | P20: 113.1 | Q20: 109.8 | R20: 110.5 | S20: 109.5 | T20: 110.3 | U20: NA | V20: 109.5 | W20: 108.3 | X20: 106.9 | Y20: 106.8 | Z20: 106.4 | AA20: 107.8 | AB20: 102.5 | AC20: 106.5 | AD20: 110.7
A21: Urban | B21: 2013 | C21: July | D21: 117.8 | E21: 119.2 | F21: 114 | G21: 108.3 | H21: 101.1 | I21: 113.2 | J21: 160.9 | K21: 105.1 | L21: 101.3 | M21: 107.5 | N21: 110.4 | O21: 113.1 | P21: 117.5 | Q21: 111.7 | R21: 109.8 | S21: 107.8 | T21: 109.5 | U21: 107.7 | V21: 108.6 | W21: 108.1 | X21: 107.1 | Y21: 107.3 | Z21: 105.9 | AA21: 110.1 | AB21: 103.2 | AC21: 107.3 | AD21: 111.4
A22: Rural+Urban | B22: 2013 | C22: July | D22: 114.8 | E22: 116.4 | F22: 111.9 | G22: 108.9 | H22: 104.3 | I22: 111.7 | J22: 140 | K22: 106.4 | L22: 103.3 | M22: 106.8 | N22: 109.6 | O22: 112.6 | P22: 114.7 | Q22: 110.3 | R22: 110.2 | S22: 108.8 | T22: 110 | U22: 107.7 | V22: 109.2 | W22: 108.2 | X22: 107 | Y22: 107.1 | Z22: 106.1 | AA22: 109.1 | AB22: 102.8 | AC22: 106.9 | AD22: 111
A23: Rural | B23: 2013 | C23: August | D23: 114.3 | E23: 115.4 | F23: 111.1 | G23: 110 | H23: 106.4 | I23: 110.8 | J23: 138.9 | K23: 107.4 | L23: 104.1 | M23: 106.9 | N23: 109.7 | O23: 112.6 | P23: 114.9 | Q23: 110.7 | R23: 111.3 | S23: 110.2 | T23: 111.1 | U23: NA | V23: 109.9 | W23: 108.7 | X23: 107.5 | Y23: 107.8 | Z23: 106.8 | AA23: 108.7 | AB23: 105 | AC23: 107.5 | AD23: 112.1
A24: Urban | B24: 2013 | C24: August | D24: 118.3 | E24: 120.4 | F24: 112.7 | G24: 108.9 | H24: 101.1 | I24: 108.7 | J24: 177 | K24: 104.7 | L24: 101 | M24: 108.5 | N24: 110.9 | O24: 114.3 | P24: 119.6 | Q24: 112.4 | R24: 110.6 | S24: 108.3 | T24: 110.2 | U24: 108.9 | V24: 109.3 | W24: 108.7 | X24: 107.6 | Y24: 108.1 | Z24: 106.5 | AA24: 110.8 | AB24: 106 | AC24: 108.3 | AD24: 112.7
A25: Rural+Urban | B25: 2013 | C25: August | D25: 115.6 | E25: 117.2 | F25: 111.7 | G25: 109.6 | H25: 104.5 | I25: 109.8 | J25: 151.8 | K25: 106.5 | L25: 103.1 | M25: 107.4 | N25: 110.2 | O25: 113.4 | P25: 116.6 | Q25: 111.2 | R25: 111 | S25: 109.4 | T25: 110.7 | U25: 108.9 | V25: 109.7 | W25: 108.7 | X25: 107.5 | Y25: 108 | Z25: 106.6 | AA25: 109.9 | AB25: 105.4 | AC25: 107.9 | AD25: 112.4
A26: Rural | B26: 2013 | C26: September | D26: 115.4 | E26: 115.7 | F26: 111.7 | G26: 111 | H26: 107.4 | I26: 110.9 | J26: 154 | K26: 108.1 | L26: 104.2 | M26: 107.9 | N26: 110.4 | O26: 114 | P26: 117.8 | Q26: 111.7 | R26: 112.7 | S26: 111.4 | T26: 112.5 | U26: NA | V26: 111.1 | W26: 109.6 | X26: 108.3 | Y26: 109.3 | Z26: 107.7 | AA26: 109.8 | AB26: 106.7 | AC26: 108.7 | AD26: 114.2
A27: Urban | B27: 2013 | C27: September | D27: 118.6 | E27: 119.1 | F27: 113.2 | G27: 109.6 | H27: 101.7 | I27: 103.2 | J27: 174.3 | K27: 105.1 | L27: 100.8 | M27: 109.1 | N27: 111.1 | O27: 115.4 | P27: 119.2 | Q27: 112.9 | R27: 111.4 | S27: 109 | T27: 111.1 | U27: 109.7 | V27: 109.5 | W27: 109.6 | X27: 107.9 | Y27: 110.4 | Z27: 107.4 | AA27: 111.2 | AB27: 106.9 | AC27: 109.4 | AD27: 113.2
A28: Rural+Urban | B28: 2013 | C28: September | D28: 116.4 | E28: 116.9 | F28: 112.3 | G28: 110.5 | H28: 105.3 | I28: 107.3 | J28: 160.9 | K28: 107.1 | L28: 103.1 | M28: 108.3 | N28: 110.7 | O28: 114.6 | P28: 118.3 | Q28: 112 | R28: 112.2 | S28: 110.4 | T28: 111.9 | U28: 109.7 | V28: 110.5 | W28: 109.6 | X28: 108.1 | Y28: 109.9 | Z28: 107.5 | AA28: 110.6 | AB28: 106.8 | AC28: 109 | AD28: 113.7
A29: Rural | B29: 2013 | C29: October | D29: 116.3 | E29: 115.4 | F29: 112.6 | G29: 111.7 | H29: 107.7 | I29: 113.2 | J29: 164.9 | K29: 108.3 | L29: 103.9 | M29: 108.2 | N29: 111.1 | O29: 114.9 | P29: 119.8 | Q29: 112.2 | R29: 113.6 | S29: 112.3 | T29: 113.4 | U29: NA | V29: 111.6 | W29: 110.4 | X29: 108.9 | Y29: 109.3 | Z29: 108.3 | AA29: 110.2 | AB29: 107.5 | AC29: 109.1 | AD29: 115.5
A30: Urban | B30: 2013 | C30: October | D30: 118.9 | E30: 118.1 | F30: 114.5 | G30: 110.4 | H30: 102.3 | I30: 106.2 | J30: 183.5 | K30: 105.3 | L30: 100.2 | M30: 109.6 | N30: 111.4 | O30: 116 | P30: 120.8 | Q30: 113.5 | R30: 112.5 | S30: 109.7 | T30: 112 | U30: 110.5 | V30: 109.7 | W30: 110.2 | X30: 108.2 | Y30: 109.7 | Z30: 108 | AA30: 111.3 | AB30: 107.3 | AC30: 109.4 | AD30: 114
A31: Rural+Urban | B31: 2013 | C31: October | D31: 117.1 | E31: 116.3 | F31: 113.3 | G31: 111.2 | H31: 105.7 | I31: 109.9 | J31: 171.2 | K31: 107.3 | L31: 102.7 | M31: 108.7 | N31: 111.2 | O31: 115.4 | P31: 120.2 | Q31: 112.5 | R31: 113.2 | S31: 111.2 | T31: 112.8 | U31: 110.5 | V31: 110.9 | W31: 110.3 | X31: 108.6 | Y31: 109.5 | Z31: 108.1 | AA31: 110.8 | AB31: 107.4 | AC31: 109.2 | AD31: 114.8
A32: Rural | B32: 2013 | C32: November | D32: 117.3 | E32: 114.9 | F32: 116.2 | G32: 112.8 | H32: 108.9 | I32: 116.6 | J32: 178.1 | K32: 109.1 | L32: 103.6 | M32: 109 | N32: 111.8 | O32: 116 | P32: 122.5 | Q32: 112.8 | R32: 114.6 | S32: 113.1 | T32: 114.4 | U32: NA | V32: 112.6 | W32: 111.3 | X32: 109.7 | Y32: 109.6 | Z32: 108.7 | AA32: 111 | AB32: 108.2 | AC32: 109.8 | AD32: 117.4
A33: Urban | B33: 2013 | C33: November | D33: 119.8 | E33: 116.3 | F33: 122.6 | G33: 112 | H33: 103.2 | I33: 110 | J33: 192.8 | K33: 106.3 | L33: 99.5 | M33: 110.3 | N33: 111.8 | O33: 117.1 | P33: 122.9 | Q33: 114.1 | R33: 113.5 | S33: 110.3 | T33: 113 | U33: 111.1 | V33: 110 | W33: 110.9 | X33: 108.6 | Y33: 109.5 | Z33: 108.5 | AA33: 111.3 | AB33: 107.9 | AC33: 109.6 | AD33: 115
A34: Rural+Urban | B34: 2013 | C34: November | D34: 118.1 | E34: 115.4 | F34: 118.7 | G34: 112.5 | H34: 106.8 | I34: 113.5 | J34: 183.1 | K34: 108.2 | L34: 102.2 | M34: 109.4 | N34: 111.8 | O34: 116.5 | P34: 122.6 | Q34: 113.1 | R34: 114.2 | S34: 111.9 | T34: 113.8 | U34: 111.1 | V34: 111.6 | W34: 111.1 | X34: 109.3 | Y34: 109.5 | Z34: 108.6 | AA34: 111.2 | AB34: 108.1 | AC34: 109.7 | AD34: 116.3
A35: Rural | B35: 2013 | C35: December | D35: 118.4 | E35: 115.9 | F35: 120.4 | G35: 113.8 | H35: 109.5 | I35: 115.5 | J35: 145.7 | K35: 109.5 | L35: 102.9 | M35: 109.8 | N35: 112.1 | O35: 116.8 | P35: 118.7 | Q35: 113.6 | R35: 115.8 | S35: 114 | T35: 115.5 | U35: NA | V35: 112.8 | W35: 112.1 | X35: 110.1 | Y35: 109.9 | Z35: 109.2 | AA35: 111.6 | AB35: 108.1 | AC35: 110.1 | AD35: 115.5
A36: Urban | B36: 2013 | C36: December | D36: 120.5 | E36: 118.1 | F36: 128.5 | G36: 112.8 | H36: 103.4 | I36: 110.7 | J36: 144.8 | K36: 107.1 | L36: 98.6 | M36: 111.9 | N36: 112.1 | O36: 118.1 | P36: 117.8 | Q36: 115 | R36: 114.2 | S36: 110.9 | T36: 113.7 | U36: 110.7 | V36: 110.4 | W36: 111.3 | X36: 109 | Y36: 109.7 | Z36: 108.9 | AA36: 111.4 | AB36: 107.7 | AC36: 109.8 | AD36: 113.3
A37: Rural+Urban | B37: 2013 | C37: December | D37: 119.1 | E37: 116.7 | F37: 123.5 | G37: 113.4 | H37: 107.3 | I37: 113.3 | J37: 145.4 | K37: 108.7 | L37: 101.5 | M37: 110.5 | N37: 112.1 | O37: 117.4 | P37: 118.4 | Q37: 114 | R37: 115.2 | S37: 112.7 | T37: 114.8 | U37: 110.7 | V37: 111.9 | W37: 111.7 | X37: 109.7 | Y37: 109.8 | Z37: 109 | AA37: 111.5 | AB37: 107.9 | AC37: 110 | AD37: 114.5
A38: Rural | B38: 2014 | C38: January | D38: 118.9 | E38: 117.1 | F38: 120.5 | G38: 114.4 | H38: 109 | I38: 115.5 | J38: 123.9 | K38: 109.6 | L38: 101.8 | M38: 110.2 | N38: 112.4 | O38: 117.3 | P38: 116 | Q38: 114 | R38: 116.5 | S38: 114.5 | T38: 116.2 | U38: NA | V38: 113 | W38: 112.6 | X38: 110.6 | Y38: 110.5 | Z38: 109.6 | AA38: 111.8 | AB38: 108.3 | AC38: 110.6 | AD38: 114.2
A39: Urban | B39: 2014 | C39: January | D39: 121.2 | E39: 122 | F39: 129.9 | G39: 113.6 | H39: 102.9 | I39: 112.1 | J39: 118.9 | K39: 107.5 | L39: 96.9 | M39: 112.7 | N39: 112.1 | O39: 119 | P39: 115.5 | Q39: 115.7 | R39: 114.8 | S39: 111.3 | T39: 114.3 | U39: 111.6 | V39: 111 | W39: 111.9 | X39: 109.7 | Y39: 110.8 | Z39: 109.8 | AA39: 111.5 | AB39: 108 | AC39: 110.5 | AD39: 112.9
A40: Rural+Urban | B40: 2014 | C40: January | D40: 119.6 | E40: 118.8 | F40: 124.1 | G40: 114.1 | H40: 106.8 | I40: 113.9 | J40: 122.2 | K40: 108.9 | L40: 100.2 | M40: 111 | N40: 112.3 | O40: 118.1 | P40: 115.8 | Q40: 114.5 | R40: 115.8 | S40: 113.2 | T40: 115.4 | U40: 111.6 | V40: 112.2 | W40: 112.3 | X40: 110.3 | Y40: 110.7 | Z40: 109.7 | AA40: 111.6 | AB40: 108.2 | AC40: 110.6 | AD40: 113.6
A41: Rural | B41: 2014 | C41: February | D41: 119.4 | E41: 117.7 | F41: 121.2 | G41: 115 | H41: 109 | I41: 116.6 | J41: 116 | K41: 109.8 | L41: 101.1 | M41: 110.4 | N41: 112.9 | O41: 117.8 | P41: 115.3 | Q41: 114.2 | R41: 117.1 | S41: 114.5 | T41: 116.7 | U41: NA | V41: 113.2 | W41: 112.9 | X41: 110.9 | Y41: 110.8 | Z41: 109.9 | AA41: 112 | AB41: 108.7 | AC41: 110.9 | AD41: 114
A42: Urban | B42: 2014 | C42: February | D42: 121.9 | E42: 122 | F42: 124.5 | G42: 115.2 | H42: 102.5 | I42: 114.1 | J42: 111.5 | K42: 108.2 | L42: 95.4 | M42: 113.5 | N42: 112.1 | O42: 119.9 | P42: 115.2 | Q42: 116.2 | R42: 115.3 | S42: 111.7 | T42: 114.7 | U42: 112.5 | V42: 111.1 | W42: 112.6 | X42: 110.4 | Y42: 111.3 | Z42: 110.3 | AA42: 111.6 | AB42: 108.7 | AC42: 111 | AD42: 113.1
A43: Rural+Urban | B43: 2014 | C43: February | D43: 120.2 | E43: 119.2 | F43: 122.5 | G43: 115.1 | H43: 106.6 | I43: 115.4 | J43: 114.5 | K43: 109.3 | L43: 99.2 | M43: 111.4 | N43: 112.6 | O43: 118.8 | P43: 115.3 | Q43: 114.7 | R43: 116.4 | S43: 113.3 | T43: 115.9 | U43: 112.5 | V43: 112.4 | W43: 112.8 | X43: 110.7 | Y43: 111.1 | Z43: 110.1 | AA43: 111.8 | AB43: 108.7 | AC43: 110.9 | AD43: 113.6
A44: Rural | B44: 2014 | C44: March | D44: 120.1 | E44: 118.1 | F44: 120.7 | G44: 116.1 | H44: 109.3 | I44: 119.6 | J44: 117.9 | K44: 110.2 | L44: 101.2 | M44: 110.7 | N44: 113 | O44: 118.3 | P44: 116.2 | Q44: 114.6 | R44: 117.5 | S44: 114.9 | T44: 117.2 | U44: NA | V44: 113.4 | W44: 113.4 | X44: 111.4 | Y44: 111.2 | Z44: 110.2 | AA44: 112.4 | AB44: 108.9 | AC44: 111.3 | AD44: 114.6
A45: Urban | B45: 2014 | C45: March | D45: 122.1 | E45: 121.4 | F45: 121.5 | G45: 116.2 | H45: 102.8 | I45: 117.7 | J45: 113.3 | K45: 108.9 | L45: 96.3 | M45: 114.1 | N45: 112.2 | O45: 120.5 | P45: 116 | Q45: 116.7 | R45: 115.8 | S45: 112.1 | T45: 115.2 | U45: 113.2 | V45: 110.9 | W45: 113 | X45: 110.8 | Y45: 111.6 | Z45: 110.9 | AA45: 111.8 | AB45: 109.2 | AC45: 111.4 | AD45: 113.7
A46: Rural+Urban | B46: 2014 | C46: Marcrh | D46: 120.7 | E46: 119.3 | F46: 121 | G46: 116.1 | H46: 106.9 | I46: 118.7 | J46: 116.3 | K46: 109.8 | L46: 99.6 | M46: 111.8 | N46: 112.7 | O46: 119.3 | P46: 116.1 | Q46: 115.2 | R46: 116.8 | S46: 113.7 | T46: 116.4 | U46: 113.2 | V46: 112.5 | W46: 113.2 | X46: 111.2 | Y46: 111.4 | Z46: 110.6 | AA46: 112 | AB46: 109 | AC46: 111.3 | AD46: 114.2
A47: Rural | B47: 2014 | C47: April | D47: 120.2 | E47: 118.9 | F47: 118.1 | G47: 117 | H47: 109.7 | I47: 125.5 | J47: 120.5 | K47: 111 | L47: 102.6 | M47: 111.2 | N47: 113.5 | O47: 118.7 | P47: 117.2 | Q47: 115.4 | R47: 118.1 | S47: 116.1 | T47: 117.8 | U47: NA | V47: 113.4 | W47: 113.7 | X47: 111.8 | Y47: 111.2 | Z47: 110.5 | AA47: 113 | AB47: 108.9 | AC47: 111.5 | AD47: 115.4
A48: Urban | B48: 2014 | C48: April | D48: 122.5 | E48: 121.7 | F48: 113.3 | G48: 117 | H48: 103.1 | I48: 126.7 | J48: 121.2 | K48: 111 | L48: 100.3 | M48: 115.3 | N48: 112.7 | O48: 121 | P48: 118.2 | Q48: 117.6 | R48: 116.3 | S48: 112.5 | T48: 115.7 | U48: 113.9 | V48: 110.9 | W48: 113.4 | X48: 111 | Y48: 111.2 | Z48: 111.2 | AA48: 112.5 | AB48: 109.1 | AC48: 111.4 | AD48: 114.7
A49: Rural+Urban | B49: 2014 | C49: April | D49: 120.9 | E49: 119.9 | F49: 116.2 | G49: 117 | H49: 107.3 | I49: 126.1 | J49: 120.7 | K49: 111 | L49: 101.8 | M49: 112.6 | N49: 113.2 | O49: 119.8 | P49: 117.6 | Q49: 116 | R49: 117.4 | S49: 114.6 | T49: 117 | U49: 113.9 | V49: 112.5 | W49: 113.6 | X49: 111.5 | Y49: 111.2 | Z49: 110.9 | AA49: 112.7 | AB49: 109 | AC49: 111.5 | AD49: 115.1
A50: Rural | B50: 2014 | C50: May | D50: 120.3 | E50: 120.2 | F50: 116.9 | G50: 118 | H50: 110.1 | I50: 126.3 | J50: 123.9 | K50: 111.5 | L50: 103.5 | M50: 111.6 | N50: 114.2 | O50: 119.2 | P50: 118.2 | Q50: 116.3 | R50: 118.7 | S50: 116.8 | T50: 118.5 | U50: NA | V50: 113.4 | W50: 114.1 | X50: 112.1 | Y50: 111.4 | Z50: 110.9 | AA50: 113.1 | AB50: 108.9 | AC50: 111.8 | AD50: 116
A51: Urban | B51: 2014 | C51: May | D51: 122.7 | E51: 124.1 | F51: 114.2 | G51: 119.1 | H51: 103.5 | I51: 129.2 | J51: 127 | K51: 112.6 | L51: 101.3 | M51: 117 | N51: 112.9 | O51: 121.7 | P51: 120 | Q51: 118.3 | R51: 116.8 | S51: 112.9 | T51: 116.2 | U51: 114.3 | V51: 111.1 | W51: 114.1 | X51: 111.2 | Y51: 111.3 | Z51: 111.5 | AA51: 112.9 | AB51: 109.3 | AC51: 111.7 | AD51: 115.6
A52: Rural+Urban | B52: 2014 | C52: May | D52: 121.1 | E52: 121.6 | F52: 115.9 | G52: 118.4 | H52: 107.7 | I52: 127.7 | J52: 125 | K52: 111.9 | L52: 102.8 | M52: 113.4 | N52: 113.7 | O52: 120.4 | P52: 118.9 | Q52: 116.8 | R52: 118 | S52: 115.2 | T52: 117.6 | U52: 114.3 | V52: 112.5 | W52: 114.1 | X52: 111.8 | Y52: 111.3 | Z52: 111.2 | AA52: 113 | AB52: 109.1 | AC52: 111.8 | AD52: 115.8
A53: Rural | B53: 2014 | C53: June | D53: 120.7 | E53: 121.6 | F53: 116.1 | G53: 119.3 | H53: 110.3 | I53: 125.8 | J53: 129.3 | K53: 112.2 | L53: 103.6 | M53: 112.3 | N53: 114.9 | O53: 120.1 | P53: 119.5 | Q53: 117.3 | R53: 119.7 | S53: 117.3 | T53: 119.3 | U53: NA | V53: 114.4 | W53: 114.9 | X53: 112.8 | Y53: 112.2 | Z53: 111.4 | AA53: 114.3 | AB53: 108 | AC53: 112.3 | AD53: 117
A54: Urban | B54: 2014 | C54: June | D54: 123.1 | E54: 125.9 | F54: 115.4 | G54: 120.4 | H54: 103.4 | I54: 131.2 | J54: 137.5 | K54: 112.8 | L54: 101.4 | M54: 118.3 | N54: 113.2 | O54: 122.4 | P54: 122 | Q54: 119 | R54: 117.4 | S54: 113.2 | T54: 116.7 | U54: 113.9 | V54: 111.2 | W54: 114.3 | X54: 111.4 | Y54: 111.5 | Z54: 111.8 | AA54: 115.1 | AB54: 108.7 | AC54: 112.2 | AD54: 116.4
A55: Rural+Urban | B55: 2014 | C55: June | D55: 121.5 | E55: 123.1 | F55: 115.8 | G55: 119.7 | H55: 107.8 | I55: 128.3 | J55: 132.1 | K55: 112.4 | L55: 102.9 | M55: 114.3 | N55: 114.2 | O55: 121.2 | P55: 120.4 | Q55: 117.8 | R55: 118.8 | S55: 115.6 | T55: 118.3 | U55: 113.9 | V55: 113.2 | W55: 114.6 | X55: 112.3 | Y55: 111.8 | Z55: 111.6 | AA55: 114.8 | AB55: 108.3 | AC55: 112.3 | AD55: 116.7
A56: Rural | B56: 2014 | C56: July | D56: 121.7 | E56: 122.5 | F56: 117.7 | G56: 120.6 | H56: 110.4 | I56: 129.1 | J56: 150.1 | K56: 113.2 | L56: 104.8 | M56: 113.3 | N56: 115.6 | O56: 120.9 | P56: 123.3 | Q56: 118 | R56: 120.7 | S56: 118.3 | T56: 120.3 | U56: NA | V56: 115.3 | W56: 115.4 | X56: 113.4 | Y56: 113.2 | Z56: 111.8 | AA56: 115.5 | AB56: 108.8 | AC56: 113.1 | AD56: 119.5
A57: Urban | B57: 2014 | C57: July | D57: 123.8 | E57: 126.4 | F57: 118 | G57: 121.6 | H57: 103.5 | I57: 133.7 | J57: 172.4 | K57: 113.1 | L57: 102.7 | M57: 120 | N57: 113.8 | O57: 123.4 | P57: 127.1 | Q57: 121 | R57: 118 | S57: 113.6 | T57: 117.4 | U57: 114.8 | V57: 111.6 | W57: 114.9 | X57: 111.5 | Y57: 113 | Z57: 112.4 | AA57: 117.8 | AB57: 109.7 | AC57: 113.5 | AD57: 118.9
A58: Rural+Urban | B58: 2014 | C58: July | D58: 122.4 | E58: 123.9 | F58: 117.8 | G58: 121 | H58: 107.9 | I58: 131.2 | J58: 157.7 | K58: 113.2 | L58: 104.1 | M58: 115.5 | N58: 114.8 | O58: 122.1 | P58: 124.7 | Q58: 118.8 | R58: 119.6 | S58: 116.3 | T58: 119.1 | U58: 114.8 | V58: 113.9 | W58: 115.2 | X58: 112.7 | Y58: 113.1 | Z58: 112.1 | AA58: 116.8 | AB58: 109.2 | AC58: 113.3 | AD58: 119.2
A59: Rural | B59: 2014 | C59: August | D59: 121.8 | E59: 122.8 | F59: 117.8 | G59: 121.9 | H59: 110.6 | I59: 129.7 | J59: 161.1 | K59: 114.1 | L59: 105.1 | M59: 114.6 | N59: 115.8 | O59: 121.7 | P59: 125.3 | Q59: 118.8 | R59: 120.9 | S59: 118.8 | T59: 120.7 | U59: NA | V59: 115.4 | W59: 115.9 | X59: 114 | Y59: 113.2 | Z59: 112.2 | AA59: 116.2 | AB59: 109.4 | AC59: 113.5 | AD59: 120.7
A60: Urban | B60: 2014 | C60: August | D60: 124.8 | E60: 127.3 | F60: 116.5 | G60: 122.2 | H60: 103.6 | I60: 132.7 | J60: 181.9 | K60: 115.2 | L60: 102.7 | M60: 122.1 | N60: 114.4 | O60: 124.7 | P60: 128.9 | Q60: 123 | R60: 118.6 | S60: 114.1 | T60: 117.9 | U60: 115.5 | V60: 111.8 | W60: 115.3 | X60: 112.2 | Y60: 112.5 | Z60: 112.9 | AA60: 119.2 | AB60: 110.5 | AC60: 113.9 | AD60: 119.9
A61: Rural+Urban | B61: 2014 | C61: August | D61: 122.7 | E61: 124.4 | F61: 117.3 | G61: 122 | H61: 108 | I61: 131.1 | J61: 168.2 | K61: 114.5 | L61: 104.3 | M61: 117.1 | N61: 115.2 | O61: 123.1 | P61: 126.6 | Q61: 119.9 | R61: 120 | S61: 116.8 | T61: 119.6 | U61: 115.5 | V61: 114 | W61: 115.6 | X61: 113.3 | Y61: 112.8 | Z61: 112.6 | AA61: 118 | AB61: 109.9 | AC61: 113.7 | AD61: 120.3
A62: Rural | B62: 2014 | C62: September | D62: 122.3 | E62: 122.4 | F62: 117.8 | G62: 122.7 | H62: 110.4 | I62: 129.8 | J62: 158.8 | K62: 115 | L62: 104.7 | M62: 114.9 | N62: 116.5 | O62: 122.6 | P62: 125.3 | Q62: 119.5 | R62: 121.7 | S62: 119.2 | T62: 121.3 | U62: NA | V62: 115.8 | W62: 116.7 | X62: 114.5 | Y62: 112.8 | Z62: 112.6 | AA62: 116.6 | AB62: 109.1 | AC62: 113.7 | AD62: 120.9
A63: Urban | B63: 2014 | C63: September | D63: 124.2 | E63: 125.4 | F63: 116.4 | G63: 122.7 | H63: 103.5 | I63: 124.5 | J63: 168.6 | K63: 116.9 | L63: 101.9 | M63: 122.9 | N63: 114.8 | O63: 125.2 | P63: 126.7 | Q63: 124.3 | R63: 119.2 | S63: 114.5 | T63: 118.4 | U63: 116.1 | V63: 111.8 | W63: 115.5 | X63: 112.3 | Y63: 111.2 | Z63: 113.4 | AA63: 120 | AB63: 110 | AC63: 113.6 | AD63: 119.2
A64: Rural+Urban | B64: 2014 | C64: September | D64: 122.9 | E64: 123.5 | F64: 117.3 | G64: 122.7 | H64: 107.9 | I64: 127.3 | J64: 162.1 | K64: 115.6 | L64: 103.8 | M64: 117.6 | N64: 115.8 | O64: 123.8 | P64: 125.8 | Q64: 120.8 | R64: 120.7 | S64: 117.2 | T64: 120.1 | U64: 116.1 | V64: 114.3 | W64: 116.1 | X64: 113.7 | Y64: 112 | Z64: 113.1 | AA64: 118.6 | AB64: 109.5 | AC64: 113.7 | AD64: 120.1
A65: Rural | B65: 2014 | C65: October | D65: 122.6 | E65: 122.5 | F65: 118.3 | G65: 123.2 | H65: 110.5 | I65: 128.9 | J65: 155.3 | K65: 115.5 | L65: 104 | M65: 115.3 | N65: 116.8 | O65: 123.2 | P65: 125.1 | Q65: 120 | R65: 122.7 | S65: 120.3 | T65: 122.3 | U65: NA | V65: 116.4 | W65: 117.5 | X65: 115.3 | Y65: 112.6 | Z65: 113 | AA65: 116.9 | AB65: 109.3 | AC65: 114 | AD65: 121
A66: Urban | B66: 2014 | C66: October | D66: 124.6 | E66: 126.1 | F66: 117.8 | G66: 123.1 | H66: 103.5 | I66: 123.5 | J66: 159.6 | K66: 117.4 | L66: 101.2 | M66: 123.8 | N66: 115.2 | O66: 125.9 | P66: 125.8 | Q66: 124.3 | R66: 119.6 | S66: 114.9 | T66: 118.9 | U66: 116.7 | V66: 112 | W66: 115.8 | X66: 112.6 | Y66: 111 | Z66: 113.6 | AA66: 120.2 | AB66: 110.1 | AC66: 113.7 | AD66: 119.1
A67: Rural+Urban | B67: 2014 | C67: October | D67: 123.2 | E67: 123.8 | F67: 118.1 | G67: 123.2 | H67: 107.9 | I67: 126.4 | J67: 156.8 | K67: 116.1 | L67: 103.1 | M67: 118.1 | N67: 116.1 | O67: 124.5 | P67: 125.4 | Q67: 121.1 | R67: 121.5 | S67: 118.1 | T67: 121 | U67: 116.7 | V67: 114.7 | W67: 116.7 | X67: 114.3 | Y67: 111.8 | Z67: 113.3 | AA67: 118.8 | AB67: 109.6 | AC67: 113.9 | AD67: 120.1
A68: Rural | B68: 2014 | C68: November | D68: 122.7 | E68: 122.6 | F68: 119.9 | G68: 124 | H68: 110.5 | I68: 128.8 | J68: 152 | K68: 116.2 | L68: 103.3 | M68: 115.8 | N68: 116.8 | O68: 124.5 | P68: 124.9 | Q68: 120.8 | R68: 123.3 | S68: 120.5 | T68: 122.9 | U68: NA | V68: 117.3 | W68: 118.1 | X68: 115.9 | Y68: 112 | Z68: 113.3 | AA68: 117.2 | AB68: 108.8 | AC68: 114.1 | AD68: 121.1
A69: Urban | B69: 2014 | C69: November | D69: 124.5 | E69: 125.6 | F69: 122.7 | G69: 124.6 | H69: 103.2 | I69: 122.2 | J69: 153.2 | K69: 119.3 | L69: 99.8 | M69: 124.6 | N69: 115.8 | O69: 126.9 | P69: 125.4 | Q69: 125.8 | R69: 120.3 | S69: 115.4 | T69: 119.5 | U69: 117.1 | V69: 112.6 | W69: 116.4 | X69: 113 | Y69: 109.7 | Z69: 114 | AA69: 120.3 | AB69: 109.6 | AC69: 113.4 | AD69: 119
A70: Rural+Urban | B70: 2014 | C70: November | D70: 123.3 | E70: 123.7 | F70: 121 | G70: 124.2 | H70: 107.8 | I70: 125.7 | J70: 152.4 | K70: 117.2 | L70: 102.1 | M70: 118.7 | N70: 116.4 | O70: 125.6 | P70: 125.1 | Q70: 122.1 | R70: 122.1 | S70: 118.4 | T70: 121.6 | U70: 117.1 | V70: 115.5 | W70: 117.3 | X70: 114.8 | Y70: 110.8 | Z70: 113.7 | AA70: 119 | AB70: 109.1 | AC70: 113.8 | AD70: 120.1
A71: Rural | B71: 2014 | C71: December | D71: 122.4 | E71: 122.4 | F71: 121.8 | G71: 124.2 | H71: 110.2 | I71: 128.6 | J71: 140.3 | K71: 116.3 | L71: 102 | M71: 116 | N71: 117.3 | O71: 124.8 | P71: 123.3 | Q71: 121.7 | R71: 123.8 | S71: 120.6 | T71: 123.3 | U71: NA | V71: 117.4 | W71: 118.2 | X71: 116.2 | Y71: 111.5 | Z71: 113.3 | AA71: 117.7 | AB71: 109.4 | AC71: 114.2 | AD71: 120.3
A72: Urban | B72: 2014 | C72: December | D72: 124 | E72: 124.7 | F72: 126.3 | G72: 124.9 | H72: 103 | I72: 122.3 | J72: 141 | K72: 120.1 | L72: 97.8 | M72: 125.4 | N72: 116.1 | O72: 127.6 | P72: 124 | Q72: 126.4 | R72: 120.7 | S72: 115.8 | T72: 120 | U72: 116.5 | V72: 113 | W72: 116.8 | X72: 113.2 | Y72: 108.8 | Z72: 114.3 | AA72: 120.7 | AB72: 110.4 | AC72: 113.4 | AD72: 118.4
A73: Rural+Urban | B73: 2014 | C73: December | D73: 122.9 | E73: 123.2 | F73: 123.5 | G73: 124.5 | H73: 107.6 | I73: 125.7 | J73: 140.5 | K73: 117.6 | L73: 100.6 | M73: 119.1 | N73: 116.8 | O73: 126.1 | P73: 123.6 | Q73: 123 | R73: 122.6 | S73: 118.6 | T73: 122 | U73: 116.5 | V73: 115.7 | W73: 117.5 | X73: 115.1 | Y73: 110.1 | Z73: 113.9 | AA73: 119.5 | AB73: 109.8 | AC73: 113.8 | AD73: 119.4
A74: Rural | B74: 2015 | C74: January | D74: 123.1 | E74: 123.1 | F74: 122.1 | G74: 124.9 | H74: 111 | I74: 130.4 | J74: 132.3 | K74: 117.2 | L74: 100.5 | M74: 117.2 | N74: 117.9 | O74: 125.6 | P74: 122.8 | Q74: 122.7 | R74: 124.4 | S74: 121.6 | T74: 124 | U74: NA | V74: 118.4 | W74: 118.9 | X74: 116.6 | Y74: 111 | Z74: 114 | AA74: 118.2 | AB74: 110.2 | AC74: 114.5 | AD74: 120.3
A75: Urban | B75: 2015 | C75: January | D75: 124 | E75: 125.5 | F75: 126.6 | G75: 125.2 | H75: 104.3 | I75: 121.3 | J75: 134.4 | K75: 122.9 | L75: 96.1 | M75: 126.6 | N75: 116.5 | O75: 128 | P75: 123.5 | Q75: 127.4 | R75: 121 | S75: 116.1 | T75: 120.2 | U75: 117.3 | V75: 113.4 | W75: 117.2 | X75: 113.7 | Y75: 107.9 | Z75: 114.6 | AA75: 120.8 | AB75: 111.4 | AC75: 113.4 | AD75: 118.5
A76: Rural+Urban | B76: 2015 | C76: January | D76: 123.4 | E76: 123.9 | F76: 123.8 | G76: 125 | H76: 108.5 | I76: 126.2 | J76: 133 | K76: 119.1 | L76: 99 | M76: 120.3 | N76: 117.3 | O76: 126.7 | P76: 123.1 | Q76: 124 | R76: 123.1 | S76: 119.3 | T76: 122.5 | U76: 117.3 | V76: 116.5 | W76: 118.1 | X76: 115.5 | Y76: 109.4 | Z76: 114.3 | AA76: 119.7 | AB76: 110.7 | AC76: 114 | AD76: 119.5
A77: Rural | B77: 2015 | C77: February | D77: 123.4 | E77: 124.4 | F77: 122.1 | G77: 125.8 | H77: 111.5 | I77: 129.4 | J77: 128.2 | K77: 118.8 | L77: 100 | M77: 118.6 | N77: 118.8 | O77: 126.8 | P77: 122.8 | Q77: 124.2 | R77: 125.4 | S77: 122.7 | T77: 125 | U77: NA | V77: 120 | W77: 119.6 | X77: 117.7 | Y77: 110.9 | Z77: 114.8 | AA77: 118.7 | AB77: 110.8 | AC77: 115 | AD77: 120.6
A78: Urban | B78: 2015 | C78: February | D78: 124.3 | E78: 126.5 | F78: 119.5 | G78: 125.6 | H78: 104.9 | I78: 121.6 | J78: 131.8 | K78: 125.1 | L78: 95 | M78: 127.7 | N78: 116.8 | O78: 128.6 | P78: 123.7 | Q78: 128.1 | R78: 121.3 | S78: 116.5 | T78: 120.6 | U78: 118.1 | V78: 114 | W78: 117.7 | X78: 114.1 | Y78: 106.8 | Z78: 114.9 | AA78: 120.4 | AB78: 111.7 | AC78: 113.2 | AD78: 118.7
A79: Rural+Urban | B79: 2015 | C79: February | D79: 123.7 | E79: 125.1 | F79: 121.1 | G79: 125.7 | H79: 109.1 | I79: 125.8 | J79: 129.4 | K79: 120.9 | L79: 98.3 | M79: 121.6 | N79: 118 | O79: 127.6 | P79: 123.1 | Q79: 125.2 | R79: 123.8 | S79: 120.1 | T79: 123.3 | U79: 118.1 | V79: 117.7 | W79: 118.7 | X79: 116.3 | Y79: 108.7 | Z79: 114.9 | AA79: 119.7 | AB79: 111.2 | AC79: 114.1 | AD79: 119.7
A80: Rural | B80: 2015 | C80: March | D80: 123.3 | E80: 124.7 | F80: 118.9 | G80: 126 | H80: 111.8 | I80: 130.9 | J80: 128 | K80: 119.9 | L80: 98.9 | M80: 119.4 | N80: 118.9 | O80: 127.7 | P80: 123.1 | Q80: 124.7 | R80: 126 | S80: 122.9 | T80: 125.5 | U80: NA | V80: 120.6 | W80: 120.2 | X80: 118.2 | Y80: 111.6 | Z80: 115.5 | AA80: 119.4 | AB80: 110.8 | AC80: 115.5 | AD80: 121.1
A81: Urban | B81: 2015 | C81: March | D81: 124 | E81: 126.7 | F81: 113.5 | G81: 125.9 | H81: 104.8 | I81: 123.8 | J81: 131.4 | K81: 127.2 | L81: 93.2 | M81: 127.4 | N81: 117 | O81: 129.2 | P81: 123.9 | Q81: 128.8 | R81: 121.7 | S81: 116.9 | T81: 120.9 | U81: 118.6 | V81: 114.4 | W81: 118 | X81: 114.3 | Y81: 108.4 | Z81: 115.4 | AA81: 120.6 | AB81: 111.3 | AC81: 113.8 | AD81: 119.1
A82: Rural+Urban | B82: 2015 | C82: March | D82: 123.5 | E82: 125.4 | F82: 116.8 | G82: 126 | H82: 109.2 | I82: 127.6 | J82: 129.2 | K82: 122.4 | L82: 97 | M82: 122.1 | N82: 118.1 | O82: 128.4 | P82: 123.4 | Q82: 125.8 | R82: 124.3 | S82: 120.4 | T82: 123.7 | U82: 118.6 | V82: 118.3 | W82: 119.2 | X82: 116.7 | Y82: 109.9 | Z82: 115.4 | AA82: 120.1 | AB82: 111 | AC82: 114.7 | AD82: 120.2
A83: Rural | B83: 2015 | C83: April | D83: 123.3 | E83: 125.5 | F83: 117.2 | G83: 126.8 | H83: 111.9 | I83: 134.2 | J83: 127.5 | K83: 121.5 | L83: 97.8 | M83: 119.8 | N83: 119.4 | O83: 128.7 | P83: 123.6 | Q83: 125.7 | R83: 126.4 | S83: 123.3 | T83: 126 | U83: NA | V83: 121.2 | W83: 120.9 | X83: 118.6 | Y83: 111.9 | Z83: 116.2 | AA83: 119.9 | AB83: 111.6 | AC83: 116 | AD83: 121.5
A84: Urban | B84: 2015 | C84: April | D84: 123.8 | E84: 128.2 | F84: 110 | G84: 126.3 | H84: 104.5 | I84: 130.6 | J84: 130.8 | K84: 131.3 | L84: 91.6 | M84: 127.7 | N84: 117.2 | O84: 129.5 | P84: 124.6 | Q84: 130.1 | R84: 122.1 | S84: 117.2 | T84: 121.3 | U84: 119.2 | V84: 114.7 | W84: 118.4 | X84: 114.6 | Y84: 108.4 | Z84: 115.6 | AA84: 121.7 | AB84: 111.8 | AC84: 114.2 | AD84: 119.7
A85: Rural+Urban | B85: 2015 | C85: April | D85: 123.5 | E85: 126.4 | F85: 114.4 | G85: 126.6 | H85: 109.2 | I85: 132.5 | J85: 128.6 | K85: 124.8 | L85: 95.7 | M85: 122.4 | N85: 118.5 | O85: 129.1 | P85: 124 | Q85: 126.9 | R85: 124.7 | S85: 120.8 | T85: 124.1 | U85: 119.2 | V85: 118.7 | W85: 119.7 | X85: 117.1 | Y85: 110.1 | Z85: 115.9 | AA85: 121 | AB85: 111.7 | AC85: 115.1 | AD85: 120.7
A86: Rural | B86: 2015 | C86: May | D86: 123.5 | E86: 127.1 | F86: 117.3 | G86: 127.7 | H86: 112.5 | I86: 134.1 | J86: 128.5 | K86: 124.3 | L86: 97.6 | M86: 120.7 | N86: 120.2 | O86: 129.8 | P86: 124.4 | Q86: 126.7 | R86: 127.3 | S86: 124.1 | T86: 126.8 | U86: NA | V86: 121.9 | W86: 121.5 | X86: 119.4 | Y86: 113.3 | Z86: 116.7 | AA86: 120.5 | AB86: 112.3 | AC86: 116.9 | AD86: 122.4
A87: Urban | B87: 2015 | C87: May | D87: 123.8 | E87: 129.7 | F87: 111.3 | G87: 126.6 | H87: 105.2 | I87: 130.8 | J87: 135.6 | K87: 142.6 | L87: 90.8 | M87: 128.8 | N87: 117.7 | O87: 129.9 | P87: 126.1 | Q87: 131.3 | R87: 122.4 | S87: 117.4 | T87: 121.6 | U87: 119.6 | V87: 114.9 | W87: 118.7 | X87: 114.9 | Y87: 110.8 | Z87: 116 | AA87: 122 | AB87: 112.4 | AC87: 115.2 | AD87: 120.7
A88: Rural+Urban | B88: 2015 | C88: May | D88: 123.6 | E88: 128 | F88: 115 | G88: 127.3 | H88: 109.8 | I88: 132.6 | J88: 130.9 | K88: 130.5 | L88: 95.3 | M88: 123.4 | N88: 119.2 | O88: 129.8 | P88: 125 | Q88: 127.9 | R88: 125.4 | S88: 121.3 | T88: 124.7 | U88: 119.6 | V88: 119.2 | W88: 120.2 | X88: 117.7 | Y88: 112 | Z88: 116.3 | AA88: 121.4 | AB88: 112.3 | AC88: 116.1 | AD88: 121.6
A89: Rural | B89: 2015 | C89: June | D89: 124.1 | E89: 130.4 | F89: 122.1 | G89: 128.7 | H89: 114.1 | I89: 133.2 | J89: 135.2 | K89: 131.9 | L89: 96.3 | M89: 123 | N89: 121.1 | O89: 131.2 | P89: 126.6 | Q89: 128.2 | R89: 128.4 | S89: 125.1 | T89: 128 | U89: NA | V89: 122.6 | W89: 122.8 | X89: 120.4 | Y89: 114.2 | Z89: 117.9 | AA89: 122 | AB89: 113 | AC89: 117.9 | AD89: 124.1
A90: Urban | B90: 2015 | C90: June | D90: 123.6 | E90: 134.4 | F90: 120.9 | G90: 127.3 | H90: 106 | I90: 132.3 | J90: 146.7 | K90: 148.1 | L90: 89.8 | M90: 130.5 | N90: 118 | O90: 130.5 | P90: 128.5 | Q90: 132.1 | R90: 123.2 | S90: 117.6 | T90: 122.3 | U90: 119 | V90: 115.1 | W90: 119.2 | X90: 115.4 | Y90: 111.7 | Z90: 116.2 | AA90: 123.8 | AB90: 112.5 | AC90: 116 | AD90: 121.7
A91: Rural+Urban | B91: 2015 | C91: June | D91: 123.9 | E91: 131.8 | F91: 121.6 | G91: 128.2 | H91: 111.1 | I91: 132.8 | J91: 139.1 | K91: 137.4 | L91: 94.1 | M91: 125.5 | N91: 119.8 | O91: 130.9 | P91: 127.3 | Q91: 129.2 | R91: 126.4 | S91: 122 | T91: 125.7 | U91: 119 | V91: 119.8 | W91: 121.1 | X91: 118.5 | Y91: 112.9 | Z91: 116.9 | AA91: 123.1 | AB91: 112.8 | AC91: 117 | AD91: 123
A92: Rural | B92: 2015 | C92: July | D92: 124 | E92: 131.5 | F92: 122 | G92: 128.7 | H92: 113.5 | I92: 133.3 | J92: 140.8 | K92: 133.8 | L92: 94.1 | M92: 123.4 | N92: 121 | O92: 131.7 | P92: 127.5 | Q92: 129.4 | R92: 128.8 | S92: 125.5 | T92: 128.3 | U92: NA | V92: 123 | W92: 123 | X92: 120.8 | Y92: 114.1 | Z92: 118 | AA92: 122.9 | AB92: 112.7 | AC92: 118.1 | AD92: 124.7
A93: Urban | B93: 2015 | C93: July | D93: 123.2 | E93: 134.3 | F93: 119.5 | G93: 127.7 | H93: 106.3 | I93: 132.8 | J93: 153.5 | K93: 149.5 | L93: 85.7 | M93: 131.5 | N93: 118.3 | O93: 131.1 | P93: 129.5 | Q93: 133.1 | R93: 123.5 | S93: 117.9 | T93: 122.7 | U93: 119.9 | V93: 115.3 | W93: 119.5 | X93: 116 | Y93: 111.5 | Z93: 116.6 | AA93: 125.4 | AB93: 111.7 | AC93: 116.3 | AD93: 122.4
A94: Rural+Urban | B94: 2015 | C94: July | D94: 123.7 | E94: 132.5 | F94: 121 | G94: 128.3 | H94: 110.9 | I94: 133.1 | J94: 145.1 | K94: 139.1 | L94: 91.3 | M94: 126.1 | N94: 119.9 | O94: 131.4 | P94: 128.2 | Q94: 130.4 | R94: 126.7 | S94: 122.3 | T94: 126.1 | U94: 119.9 | V94: 120.1 | W94: 121.3 | X94: 119 | Y94: 112.7 | Z94: 117.2 | AA94: 124.4 | AB94: 112.3 | AC94: 117.2 | AD94: 123.6
A95: Rural | B95: 2015 | C95: August | D95: 124.7 | E95: 131.3 | F95: 121.3 | G95: 128.8 | H95: 114 | I95: 134.2 | J95: 153.6 | K95: 137.9 | L95: 93.1 | M95: 123.9 | N95: 121.5 | O95: 132.5 | P95: 129.8 | Q95: 130.1 | R95: 129.5 | S95: 126.3 | T95: 129 | U95: NA | V95: 123.8 | W95: 123.7 | X95: 121.1 | Y95: 113.6 | Z95: 118.5 | AA95: 123.6 | AB95: 112.5 | AC95: 118.2 | AD95: 126.1
A96: Urban | B96: 2015 | C96: August | D96: 123.1 | E96: 131.7 | F96: 118.1 | G96: 128 | H96: 106.8 | I96: 130.1 | J96: 165.5 | K96: 156 | L96: 85.3 | M96: 132.7 | N96: 118.8 | O96: 131.7 | P96: 131.1 | Q96: 134.2 | R96: 123.7 | S96: 118.2 | T96: 122.9 | U96: 120.9 | V96: 115.3 | W96: 120 | X96: 116.6 | Y96: 109.9 | Z96: 117.2 | AA96: 126.2 | AB96: 112 | AC96: 116.2 | AD96: 123.2
A97: Rural+Urban | B97: 2015 | C97: August | D97: 124.2 | E97: 131.4 | F97: 120.1 | G97: 128.5 | H97: 111.4 | I97: 132.3 | J97: 157.6 | K97: 144 | L97: 90.5 | M97: 126.8 | N97: 120.4 | O97: 132.1 | P97: 130.3 | Q97: 131.2 | R97: 127.2 | S97: 122.9 | T97: 126.6 | U97: 120.9 | V97: 120.6 | W97: 122 | X97: 119.4 | Y97: 111.7 | Z97: 117.8 | AA97: 125.1 | AB97: 112.3 | AC97: 117.2 | AD97: 124.8
A98: Rural | B98: 2015 | C98: September | D98: 125.1 | E98: 131.1 | F98: 120.7 | G98: 129.2 | H98: 114.7 | I98: 132.3 | J98: 158.9 | K98: 142.1 | L98: 92.5 | M98: 125.4 | N98: 121.9 | O98: 132.7 | P98: 131 | Q98: 131 | R98: 130.4 | S98: 126.8 | T98: 129.9 | U98: NA | V98: 123.7 | W98: 124.5 | X98: 121.4 | Y98: 113.8 | Z98: 119.6 | AA98: 124.5 | AB98: 113.7 | AC98: 118.8 | AD98: 127
A99: Urban | B99: 2015 | C99: September | D99: 123.4 | E99: 129 | F99: 115.6 | G99: 128.3 | H99: 107 | I99: 124 | J99: 168.5 | K99: 165.4 | L99: 86.3 | M99: 134.4 | N99: 119.1 | O99: 132.3 | P99: 131.5 | Q99: 134.7 | R99: 124 | S99: 118.6 | T99: 123.2 | U99: 121.6 | V99: 115.1 | W99: 120.4 | X99: 117.1 | Y99: 109.1 | Z99: 117.3 | AA99: 126.5 | AB99: 112.9 | AC99: 116.2 | AD99: 123.5
A100: Rural+Urban | B100: 2015 | C100: September | D100: 124.6 | E100: 130.4 | F100: 118.7 | G100: 128.9 | H100: 111.9 | I100: 128.4 | J100: 162.2 | K100: 150 | L100: 90.4 | M100: 128.4 | N100: 120.7 | O100: 132.5 | P100: 131.2 | Q100: 132 | R100: 127.9 | S100: 123.4 | T100: 127.2 | U100: 121.6 | V100: 120.4 | W100: 122.6 | X100: 119.8 | Y100: 111.3 | Z100: 118.3 | AA100: 125.7 | AB100: 113.4 | AC100: 117.5 | AD100: 125.4
...

Sheet Clean_Data
A1: Sector | B1: Year | C1: Month | D1: Cereals and products | E1: Meat and fish | F1: Egg | G1: Milk and products | H1: Oils and fats | I1: Fruits | J1: Vegetables | K1: Pulses and products | L1: Sugar and Confectionery | M1: Spices | N1: Non alcoholic beverages | O1: Prepared meals, snacks, sweets etc. | P1: Food and beverages | Q1: Pan, tobacco and intoxicants | R1: Clothing | S1: Footwear | T1: Clothing and footwear | U1: Housing | V1: Fuel and light | W1: Household goods and services | X1: Health | Y1: Transport and communication | Z1: Recreation and amusement | AA1: Education | AB1: Personal care and effects | AC1: Miscellaneous | AD1: General index
A2: Rural | B2: 2013 | C2: January | D2: 107.5 | E2: 106.3 | F2: 108.1 | G2: 104.9 | H2: 106.1 | I2: 103.9 | J2: 101.9 | K2: 106.1 | L2: 106.8 | M2: 103.1 | N2: 104.8 | O2: 106.7 | P2: 105.5 | Q2: 105.1 | R2: 106.5 | S2: 105.8 | T2: 106.4 | U2: NA | V2: 105.5 | W2: 104.8 | X2: 104 | Y2: 103.3 | Z2: 103.4 | AA2: 103.8 | AB2: 104.7 | AC2: 104 | AD2: 105.1
A3: Urban | B3: 2013 | C3: January | D3: 110.5 | E3: 109.1 | F3: 113 | G3: 103.6 | H3: 103.4 | I3: 102.3 | J3: 102.9 | K3: 105.8 | L3: 105.1 | M3: 101.8 | N3: 105.1 | O3: 107.9 | P3: 105.9 | Q3: 105.2 | R3: 105.9 | S3: 105 | T3: 105.8 | U3: 100.3 | V3: 105.4 | W3: 104.8 | X3: 104.1 | Y3: 103.2 | Z3: 102.9 | AA3: 103.5 | AB3: 104.3 | AC3: 103.7 | AD3: 104
A4: Rural+Urban | B4: 2013 | C4: January | D4: 108.4 | E4: 107.3 | F4: 110 | G4: 104.4 | H4: 105.1 | I4: 103.2 | J4: 102.2 | K4: 106 | L4: 106.2 | M4: 102.7 | N4: 104.9 | O4: 107.3 | P4: 105.6 | Q4: 105.1 | R4: 106.3 | S4: 105.5 | T4: 106.2 | U4: 100.3 | V4: 105.5 | W4: 104.8 | X4: 104 | Y4: 103.2 | Z4: 103.1 | AA4: 103.6 | AB4: 104.5 | AC4: 103.9 | AD4: 104.6
A5: Rural | B5: 2013 | C5: February | D5: 109.2 | E5: 108.7 | F5: 110.2 | G5: 105.4 | H5: 106.7 | I5: 104 | J5: 102.4 | K5: 105.9 | L5: 105.7 | M5: 103.1 | N5: 105.1 | O5: 107.7 | P5: 106.3 | Q5: 105.6 | R5: 107.1 | S5: 106.3 | T5: 107 | U5: NA | V5: 106.2 | W5: 105.2 | X5: 104.4 | Y5: 103.9 | Z5: 104 | AA5: 104.1 | AB5: 104.6 | AC5: 104.4 | AD5: 105.8
A6: Urban | B6: 2013 | C6: February | D6: 112.9 | E6: 112.9 | F6: 116.9 | G6: 104 | H6: 103.5 | I6: 103.1 | J6: 104.9 | K6: 104.1 | L6: 103.8 | M6: 102.3 | N6: 106 | O6: 109 | P6: 107.2 | Q6: 106 | R6: 106.6 | S6: 105.5 | T6: 106.4 | U6: 100.4 | V6: 105.7 | W6: 105.2 | X6: 104.7 | Y6: 104.4 | Z6: 103.3 | AA6: 103.7 | AB6: 104.3 | AC6: 104.3 | AD6: 104.7
A7: Rural+Urban | B7: 2013 | C7: February | D7: 110.4 | E7: 110.2 | F7: 112.8 | G7: 104.9 | H7: 105.5 | I7: 103.6 | J7: 103.2 | K7: 105.3 | L7: 105.1 | M7: 102.8 | N7: 105.5 | O7: 108.3 | P7: 106.6 | Q7: 105.7 | R7: 106.9 | S7: 106 | T7: 106.8 | U7: 100.4 | V7: 106 | W7: 105.2 | X7: 104.5 | Y7: 104.2 | Z7: 103.6 | AA7: 103.9 | AB7: 104.5 | AC7: 104.4 | AD7: 105.3
A8: Rural | B8: 2013 | C8: March | D8: 110.2 | E8: 108.8 | F8: 109.9 | G8: 105.6 | H8: 106.2 | I8: 105.7 | J8: 101.4 | K8: 105.7 | L8: 105 | M8: 103.3 | N8: 105.6 | O8: 108.2 | P8: 106.6 | Q8: 106.5 | R8: 107.6 | S8: 106.8 | T8: 107.5 | U8: NA | V8: 106.1 | W8: 105.6 | X8: 104.7 | Y8: 104.6 | Z8: 104 | AA8: 104.3 | AB8: 104.3 | AC8: 104.6 | AD8: 106
A9: Urban | B9: 2013 | C9: March | D9: 113.9 | E9: 111.4 | F9: 113.2 | G9: 104.3 | H9: 102.7 | I9: 104.9 | J9: 103.8 | K9: 103.5 | L9: 102.6 | M9: 102.4 | N9: 107 | O9: 109.8 | P9: 107.3 | Q9: 106.8 | R9: 107.2 | S9: 106 | T9: 107 | U9: 100.4 | V9: 106 | W9: 105.7 | X9: 105.2 | Y9: 105.5 | Z9: 103.5 | AA9: 103.8 | AB9: 104.2 | AC9: 104.9 | AD9: 105
A10: Rural+Urban | B10: 2013 | C10: March | D10: 111.4 | E10: 109.7 | F10: 111.2 | G10: 105.1 | H10: 104.9 | I10: 105.3 | J10: 102.2 | K10: 105 | L10: 104.2 | M10: 103 | N10: 106.2 | O10: 108.9 | P10: 106.9 | Q10: 106.6 | R10: 107.4 | S10: 106.5 | T10: 107.3 | U10: 100.4 | V10: 106.1 | W10: 105.6 | X10: 104.9 | Y10: 105.1 | Z10: 103.7 | AA10: 104 | AB10: 104.3 | AC10: 104.7 | AD10: 105.5
A11: Rural | B11: 2013 | C11: April | D11: 110.2 | E11: 109.5 | F11: 106.9 | G11: 106.3 | H11: 105.7 | I11: 108.3 | J11: 103.4 | K11: 105.7 | L11: 104.2 | M11: 103.2 | N11: 106.5 | O11: 108.8 | P11: 107.1 | Q11: 107.1 | R11: 108.1 | S11: 107.4 | T11: 108 | U11: NA | V11: 106.5 | W11: 106.1 | X11: 105.1 | Y11: 104.4 | Z11: 104.5 | AA11: 104.8 | AB11: 102.7 | AC11: 104.6 | AD11: 106.4
A12: Urban | B12: 2013 | C12: April | D12: 114.6 | E12: 113.4 | F12: 106 | G12: 104.7 | H12: 102.1 | I12: 109.5 | J12: 109.7 | K12: 104.6 | L12: 102 | M12: 103.5 | N12: 108.2 | O12: 110.6 | P12: 108.8 | Q12: 108.5 | R12: 107.9 | S12: 106.4 | T12: 107.7 | U12: 100.5 | V12: 106.4 | W12: 106.5 | X12: 105.7 | Y12: 105 | Z12: 104 | AA12: 105.2 | AB12: 103.2 | AC12: 105.1 | AD12: 105.7
A13: Rural+Urban | B13: 2013 | C13: April | D13: 111.6 | E13: 110.9 | F13: 106.6 | G13: 105.7 | H13: 104.4 | I13: 108.9 | J13: 105.5 | K13: 105.3 | L13: 103.5 | M13: 103.3 | N13: 107.2 | O13: 109.6 | P13: 107.7 | Q13: 107.5 | R13: 108 | S13: 107 | T13: 107.9 | U13: 100.5 | V13: 106.5 | W13: 106.3 | X13: 105.3 | Y13: 104.7 | Z13: 104.2 | AA13: 105 | AB13: 102.9 | AC13: 104.8 | AD13: 106.1
A14: Rural | B14: 2013 | C14: May | D14: 110.9 | E14: 109.8 | F14: 105.9 | G14: 107.5 | H14: 105.3 | I14: 108.1 | J14: 107.3 | K14: 106.1 | L14: 103.7 | M14: 104 | N14: 107.4 | O14: 109.9 | P14: 108.1 | Q14: 108.1 | R14: 108.8 | S14: 107.9 | T14: 108.6 | U14: NA | V14: 107.5 | W14: 106.8 | X14: 105.7 | Y14: 104.1 | Z14: 105 | AA14: 105.5 | AB14: 102.1 | AC14: 104.8 | AD14: 107.2
A15: Urban | B15: 2013 | C15: May | D15: 115.4 | E15: 114.2 | F15: 102.7 | G15: 105.5 | H15: 101.5 | I15: 110.6 | J15: 123.7 | K15: 105.2 | L15: 101.9 | M15: 105 | N15: 109.1 | O15: 111.3 | P15: 111.1 | Q15: 109.8 | R15: 108.5 | S15: 106.7 | T15: 108.3 | U15: 100.5 | V15: 107.2 | W15: 107.1 | X15: 106.2 | Y15: 103.9 | Z15: 104.6 | AA15: 105.7 | AB15: 102.6 | AC15: 104.9 | AD15: 106.6
A16: Rural+Urban | B16: 2013 | C16: May | D16: 112.3 | E16: 111.3 | F16: 104.7 | G16: 106.8 | H16: 103.9 | I16: 109.3 | J16: 112.9 | K16: 105.8 | L16: 103.1 | M16: 104.3 | N16: 108.1 | O16: 110.5 | P16: 109.2 | Q16: 108.6 | R16: 108.7 | S16: 107.4 | T16: 108.5 | U16: 100.5 | V16: 107.4 | W16: 106.9 | X16: 105.9 | Y16: 104 | Z16: 104.8 | AA16: 105.6 | AB16: 102.3 | AC16: 104.8 | AD16: 106.9
A17: Rural | B17: 2013 | C17: June | D17: 112.3 | E17: 112.1 | F17: 108.1 | G17: 108.3 | H17: 105.9 | I17: 109.2 | J17: 118 | K17: 106.8 | L17: 104.1 | M17: 105.4 | N17: 108.2 | O17: 111 | P17: 110.6 | Q17: 109 | R17: 109.7 | S17: 108.8 | T17: 109.5 | U17: NA | V17: 108.5 | W17: 107.5 | X17: 106.3 | Y17: 105 | Z17: 105.6 | AA17: 106.5 | AB17: 102.5 | AC17: 105.5 | AD17: 108.9
A18: Urban | B18: 2013 | C18: June | D18: 117 | E18: 120.1 | F18: 112.5 | G18: 107.3 | H18: 101.3 | I18: 112.4 | J18: 143.6 | K18: 105.4 | L18: 101.4 | M18: 106.4 | N18: 110 | O18: 112.2 | P18: 115 | Q18: 110.9 | R18: 109.2 | S18: 107.2 | T18: 108.9 | U18: 106.6 | V18: 108 | W18: 107.7 | X18: 106.5 | Y18: 105.2 | Z18: 105.2 | AA18: 108.1 | AB18: 103.3 | AC18: 106.1 | AD18: 109.7
A19: Rural+Urban | B19: 2013 | C19: June | D19: 113.8 | E19: 114.9 | F19: 109.8 | G19: 107.9 | H19: 104.2 | I19: 110.7 | J19: 126.7 | K19: 106.3 | L19: 103.2 | M19: 105.7 | N19: 109 | O19: 111.6 | P19: 112.2 | Q19: 109.5 | R19: 109.5 | S19: 108.1 | T19: 109.3 | U19: 106.6 | V19: 108.3 | W19: 107.6 | X19: 106.4 | Y19: 105.1 | Z19: 105.4 | AA19: 107.4 | AB19: 102.8 | AC19: 105.8 | AD19: 109.3
A20: Rural | B20: 2013 | C20: July | D20: 113.4 | E20: 114.9 | F20: 110.5 | G20: 109.3 | H20: 106.2 | I20: 110.3 | J20: 129.2 | K20: 107.1 | L20: 104.3 | M20: 106.4 | N20: 109.1 | O20: 112.1 | P20: 113.1 | Q20: 109.8 | R20: 110.5 | S20: 109.5 | T20: 110.3 | U20: NA | V20: 109.5 | W20: 108.3 | X20: 106.9 | Y20: 106.8 | Z20: 106.4 | AA20: 107.8 | AB20: 102.5 | AC20: 106.5 | AD20: 110.7
A21: Urban | B21: 2013 | C21: July | D21: 117.8 | E21: 119.2 | F21: 114 | G21: 108.3 | H21: 101.1 | I21: 113.2 | J21: 160.9 | K21: 105.1 | L21: 101.3 | M21: 107.5 | N21: 110.4 | O21: 113.1 | P21: 117.5 | Q21: 111.7 | R21: 109.8 | S21: 107.8 | T21: 109.5 | U21: 107.7 | V21: 108.6 | W21: 108.1 | X21: 107.1 | Y21: 107.3 | Z21: 105.9 | AA21: 110.1 | AB21: 103.2 | AC21: 107.3 | AD21: 111.4
A22: Rural+Urban | B22: 2013 | C22: July | D22: 114.8 | E22: 116.4 | F22: 111.9 | G22: 108.9 | H22: 104.3 | I22: 111.7 | J22: 140 | K22: 106.4 | L22: 103.3 | M22: 106.8 | N22: 109.6 | O22: 112.6 | P22: 114.7 | Q22: 110.3 | R22: 110.2 | S22: 108.8 | T22: 110 | U22: 107.7 | V22: 109.2 | W22: 108.2 | X22: 107 | Y22: 107.1 | Z22: 106.1 | AA22: 109.1 | AB22: 102.8 | AC22: 106.9 | AD22: 111
A23: Rural | B23: 2013 | C23: August | D23: 114.3 | E23: 115.4 | F23: 111.1 | G23: 110 | H23: 106.4 | I23: 110.8 | J23: 138.9 | K23: 107.4 | L23: 104.1 | M23: 106.9 | N23: 109.7 | O23: 112.6 | P23: 114.9 | Q23: 110.7 | R23: 111.3 | S23: 110.2 | T23: 111.1 | U23: NA | V23: 109.9 | W23: 108.7 | X23: 107.5 | Y23: 107.8 | Z23: 106.8 | AA23: 108.7 | AB23: 105 | AC23: 107.5 | AD23: 112.1
A24: Urban | B24: 2013 | C24: August | D24: 118.3 | E24: 120.4 | F24: 112.7 | G24: 108.9 | H24: 101.1 | I24: 108.7 | J24: 177 | K24: 104.7 | L24: 101 | M24: 108.5 | N24: 110.9 | O24: 114.3 | P24: 119.6 | Q24: 112.4 | R24: 110.6 | S24: 108.3 | T24: 110.2 | U24: 108.9 | V24: 109.3 | W24: 108.7 | X24: 107.6 | Y24: 108.1 | Z24: 106.5 | AA24: 110.8 | AB24: 106 | AC24: 108.3 | AD24: 112.7
A25: Rural+Urban | B25: 2013 | C25: August | D25: 115.6 | E25: 117.2 | F25: 111.7 | G25: 109.6 | H25: 104.5 | I25: 109.8 | J25: 151.8 | K25: 106.5 | L25: 103.1 | M25: 107.4 | N25: 110.2 | O25: 113.4 | P25: 116.6 | Q25: 111.2 | R25: 111 | S25: 109.4 | T25: 110.7 | U25: 108.9 | V25: 109.7 | W25: 108.7 | X25: 107.5 | Y25: 108 | Z25: 106.6 | AA25: 109.9 | AB25: 105.4 | AC25: 107.9 | AD25: 112.4
A26: Rural | B26: 2013 | C26: September | D26: 115.4 | E26: 115.7 | F26: 111.7 | G26: 111 | H26: 107.4 | I26: 110.9 | J26: 154 | K26: 108.1 | L26: 104.2 | M26: 107.9 | N26: 110.4 | O26: 114 | P26: 117.8 | Q26: 111.7 | R26: 112.7 | S26: 111.4 | T26: 112.5 | U26: NA | V26: 111.1 | W26: 109.6 | X26: 108.3 | Y26: 109.3 | Z26: 107.7 | AA26: 109.8 | AB26: 106.7 | AC26: 108.7 | AD26: 114.2
A27: Urban | B27: 2013 | C27: September | D27: 118.6 | E27: 119.1 | F27: 113.2 | G27: 109.6 | H27: 101.7 | I27: 103.2 | J27: 174.3 | K27: 105.1 | L27: 100.8 | M27: 109.1 | N27: 111.1 | O27: 115.4 | P27: 119.2 | Q27: 112.9 | R27: 111.4 | S27: 109 | T27: 111.1 | U27: 109.7 | V27: 109.5 | W27: 109.6 | X27: 107.9 | Y27: 110.4 | Z27: 107.4 | AA27: 111.2 | AB27: 106.9 | AC27: 109.4 | AD27: 113.2
A28: Rural+Urban | B28: 2013 | C28: September | D28: 116.4 | E28: 116.9 | F28: 112.3 | G28: 110.5 | H28: 105.3 | I28: 107.3 | J28: 160.9 | K28: 107.1 | L28: 103.1 | M28: 108.3 | N28: 110.7 | O28: 114.6 | P28: 118.3 | Q28: 112 | R28: 112.2 | S28: 110.4 | T28: 111.9 | U28: 109.7 | V28: 110.5 | W28: 109.6 | X28: 108.1 | Y28: 109.9 | Z28: 107.5 | AA28: 110.6 | AB28: 106.8 | AC28: 109 | AD28: 113.7
A29: Rural | B29: 2013 | C29: October | D29: 116.3 | E29: 115.4 | F29: 112.6 | G29: 111.7 | H29: 107.7 | I29: 113.2 | J29: 164.9 | K29: 108.3 | L29: 103.9 | M29: 108.2 | N29: 111.1 | O29: 114.9 | P29: 119.8 | Q29: 112.2 | R29: 113.6 | S29: 112.3 | T29: 113.4 | U29: NA | V29: 111.6 | W29: 110.4 | X29: 108.9 | Y29: 109.3 | Z29: 108.3 | AA29: 110.2 | AB29: 107.5 | AC29: 109.1 | AD29: 115.5
A30: Urban | B30: 2013 | C30: October | D30: 118.9 | E30: 118.1 | F30: 114.5 | G30: 110.4 | H30: 102.3 | I30: 106.2 | J30: 183.5 | K30: 105.3 | L30: 100.2 | M30: 109.6 | N30: 111.4 | O30: 116 | P30: 120.8 | Q30: 113.5 | R30: 112.5 | S30: 109.7 | T30: 112 | U30: 110.5 | V30: 109.7 | W30: 110.2 | X30: 108.2 | Y30: 109.7 | Z30: 108 | AA30: 111.3 | AB30: 107.3 | AC30: 109.4 | AD30: 114
A31: Rural+Urban | B31: 2013 | C31: October | D31: 117.1 | E31: 116.3 | F31: 113.3 | G31: 111.2 | H31: 105.7 | I31: 109.9 | J31: 171.2 | K31: 107.3 | L31: 102.7 | M31: 108.7 | N31: 111.2 | O31: 115.4 | P31: 120.2 | Q31: 112.5 | R31: 113.2 | S31: 111.2 | T31: 112.8 | U31: 110.5 | V31: 110.9 | W31: 110.3 | X31: 108.6 | Y31: 109.5 | Z31: 108.1 | AA31: 110.8 | AB31: 107.4 | AC31: 109.2 | AD31: 114.8
A32: Rural | B32: 2013 | C32: November | D32: 117.3 | E32: 114.9 | F32: 116.2 | G32: 112.8 | H32: 108.9 | I32: 116.6 | J32: 178.1 | K32: 109.1 | L32: 103.6 | M32: 109 | N32: 111.8 | O32: 116 | P32: 122.5 | Q32: 112.8 | R32: 114.6 | S32: 113.1 | T32: 114.4 | U32: NA | V32: 112.6 | W32: 111.3 | X32: 109.7 | Y32: 109.6 | Z32: 108.7 | AA32: 111 | AB32: 108.2 | AC32: 109.8 | AD32: 117.4
A33: Urban | B33: 2013 | C33: November | D33: 119.8 | E33: 116.3 | F33: 122.6 | G33: 112 | H33: 103.2 | I33: 110 | J33: 192.8 | K33: 106.3 | L33: 99.5 | M33: 110.3 | N33: 111.8 | O33: 117.1 | P33: 122.9 | Q33: 114.1 | R33: 113.5 | S33: 110.3 | T33: 113 | U33: 111.1 | V33: 110 | W33: 110.9 | X33: 108.6 | Y33: 109.5 | Z33: 108.5 | AA33: 111.3 | AB33: 107.9 | AC33: 109.6 | AD33: 115
A34: Rural+Urban | B34: 2013 | C34: November | D34: 118.1 | E34: 115.4 | F34: 118.7 | G34: 112.5 | H34: 106.8 | I34: 113.5 | J34: 183.1 | K34: 108.2 | L34: 102.2 | M34: 109.4 | N34: 111.8 | O34: 116.5 | P34: 122.6 | Q34: 113.1 | R34: 114.2 | S34: 111.9 | T34: 113.8 | U34: 111.1 | V34: 111.6 | W34: 111.1 | X34: 109.3 | Y34: 109.5 | Z34: 108.6 | AA34: 111.2 | AB34: 108.1 | AC34: 109.7 | AD34: 116.3
A35: Rural | B35: 2013 | C35: December | D35: 118.4 | E35: 115.9 | F35: 120.4 | G35: 113.8 | H35: 109.5 | I35: 115.5 | J35: 145.7 | K35: 109.5 | L35: 102.9 | M35: 109.8 | N35: 112.1 | O35: 116.8 | P35: 118.7 | Q35: 113.6 | R35: 115.8 | S35: 114 | T35: 115.5 | U35: NA | V35: 112.8 | W35: 112.1 | X35: 110.1 | Y35: 109.9 | Z35: 109.2 | AA35: 111.6 | AB35: 108.1 | AC35: 110.1 | AD35: 115.5
A36: Urban | B36: 2013 | C36: December | D36: 120.5 | E36: 118.1 | F36: 128.5 | G36: 112.8 | H36: 103.4 | I36: 110.7 | J36: 144.8 | K36: 107.1 | L36: 98.6 | M36: 111.9 | N36: 112.1 | O36: 118.1 | P36: 117.8 | Q36: 115 | R36: 114.2 | S36: 110.9 | T36: 113.7 | U36: 110.7 | V36: 110.4 | W36: 111.3 | X36: 109 | Y36: 109.7 | Z36: 108.9 | AA36: 111.4 | AB36: 107.7 | AC36: 109.8 | AD36: 113.3
A37: Rural+Urban | B37: 2013 | C37: December | D37: 119.1 | E37: 116.7 | F37: 123.5 | G37: 113.4 | H37: 107.3 | I37: 113.3 | J37: 145.4 | K37: 108.7 | L37: 101.5 | M37: 110.5 | N37: 112.1 | O37: 117.4 | P37: 118.4 | Q37: 114 | R37: 115.2 | S37: 112.7 | T37: 114.8 | U37: 110.7 | V37: 111.9 | W37: 111.7 | X37: 109.7 | Y37: 109.8 | Z37: 109 | AA37: 111.5 | AB37: 107.9 | AC37: 110 | AD37: 114.5
A38: Rural | B38: 2014 | C38: January | D38: 118.9 | E38: 117.1 | F38: 120.5 | G38: 114.4 | H38: 109 | I38: 115.5 | J38: 123.9 | K38: 109.6 | L38: 101.8 | M38: 110.2 | N38: 112.4 | O38: 117.3 | P38: 116 | Q38: 114 | R38: 116.5 | S38: 114.5 | T38: 116.2 | U38: NA | V38: 113 | W38: 112.6 | X38: 110.6 | Y38: 110.5 | Z38: 109.6 | AA38: 111.8 | AB38: 108.3 | AC38: 110.6 | AD38: 114.2
A39: Urban | B39: 2014 | C39: January | D39: 121.2 | E39: 122 | F39: 129.9 | G39: 113.6 | H39: 102.9 | I39: 112.1 | J39: 118.9 | K39: 107.5 | L39: 96.9 | M39: 112.7 | N39: 112.1 | O39: 119 | P39: 115.5 | Q39: 115.7 | R39: 114.8 | S39: 111.3 | T39: 114.3 | U39: 111.6 | V39: 111 | W39: 111.9 | X39: 109.7 | Y39: 110.8 | Z39: 109.8 | AA39: 111.5 | AB39: 108 | AC39: 110.5 | AD39: 112.9
A40: Rural+Urban | B40: 2014 | C40: January | D40: 119.6 | E40: 118.8 | F40: 124.1 | G40: 114.1 | H40: 106.8 | I40: 113.9 | J40: 122.2 | K40: 108.9 | L40: 100.2 | M40: 111 | N40: 112.3 | O40: 118.1 | P40: 115.8 | Q40: 114.5 | R40: 115.8 | S40: 113.2 | T40: 115.4 | U40: 111.6 | V40: 112.2 | W40: 112.3 | X40: 110.3 | Y40: 110.7 | Z40: 109.7 | AA40: 111.6 | AB40: 108.2 | AC40: 110.6 | AD40: 113.6
A41: Rural | B41: 2014 | C41: February | D41: 119.4 | E41: 117.7 | F41: 121.2 | G41: 115 | H41: 109 | I41: 116.6 | J41: 116 | K41: 109.8 | L41: 101.1 | M41: 110.4 | N41: 112.9 | O41: 117.8 | P41: 115.3 | Q41: 114.2 | R41: 117.1 | S41: 114.5 | T41: 116.7 | U41: NA | V41: 113.2 | W41: 112.9 | X41: 110.9 | Y41: 110.8 | Z41: 109.9 | AA41: 112 | AB41: 108.7 | AC41: 110.9 | AD41: 114
A42: Urban | B42: 2014 | C42: February | D42: 121.9 | E42: 122 | F42: 124.5 | G42: 115.2 | H42: 102.5 | I42: 114.1 | J42: 111.5 | K42: 108.2 | L42: 95.4 | M42: 113.5 | N42: 112.1 | O42: 119.9 | P42: 115.2 | Q42: 116.2 | R42: 115.3 | S42: 111.7 | T42: 114.7 | U42: 112.5 | V42: 111.1 | W42: 112.6 | X42: 110.4 | Y42: 111.3 | Z42: 110.3 | AA42: 111.6 | AB42: 108.7 | AC42: 111 | AD42: 113.1
A43: Rural+Urban | B43: 2014 | C43: February | D43: 120.2 | E43: 119.2 | F43: 122.5 | G43: 115.1 | H43: 106.6 | I43: 115.4 | J43: 114.5 | K43: 109.3 | L43: 99.2 | M43: 111.4 | N43: 112.6 | O43: 118.8 | P43: 115.3 | Q43: 114.7 | R43: 116.4 | S43: 113.3 | T43: 115.9 | U43: 112.5 | V43: 112.4 | W43: 112.8 | X43: 110.7 | Y43: 111.1 | Z43: 110.1 | AA43: 111.8 | AB43: 108.7 | AC43: 110.9 | AD43: 113.6
A44: Rural | B44: 2014 | C44: March | D44: 120.1 | E44: 118.1 | F44: 120.7 | G44: 116.1 | H44: 109.3 | I44: 119.6 | J44: 117.9 | K44: 110.2 | L44: 101.2 | M44: 110.7 | N44: 113 | O44: 118.3 | P44: 116.2 | Q44: 114.6 | R44: 117.5 | S44: 114.9 | T44: 117.2 | U44: NA | V44: 113.4 | W44: 113.4 | X44: 111.4 | Y44: 111.2 | Z44: 110.2 | AA44: 112.4 | AB44: 108.9 | AC44: 111.3 | AD44: 114.6
A45: Urban | B45: 2014 | C45: March | D45: 122.1 | E45: 121.4 | F45: 121.5 | G45: 116.2 | H45: 102.8 | I45: 117.7 | J45: 113.3 | K45: 108.9 | L45: 96.3 | M45: 114.1 | N45: 112.2 | O45: 120.5 | P45: 116 | Q45: 116.7 | R45: 115.8 | S45: 112.1 | T45: 115.2 | U45: 113.2 | V45: 110.9 | W45: 113 | X45: 110.8 | Y45: 111.6 | Z45: 110.9 | AA45: 111.8 | AB45: 109.2 | AC45: 111.4 | AD45: 113.7
A46: Rural+Urban | B46: 2014 | C46: March | D46: 120.7 | E46: 119.3 | F46: 121 | G46: 116.1 | H46: 106.9 | I46: 118.7 | J46: 116.3 | K46: 109.8 | L46: 99.6 | M46: 111.8 | N46: 112.7 | O46: 119.3 | P46: 116.1 | Q46: 115.2 | R46: 116.8 | S46: 113.7 | T46: 116.4 | U46: 113.2 | V46: 112.5 | W46: 113.2 | X46: 111.2 | Y46: 111.4 | Z46: 110.6 | AA46: 112 | AB46: 109 | AC46: 111.3 | AD46: 114.2
A47: Rural | B47: 2014 | C47: April | D47: 120.2 | E47: 118.9 | F47: 118.1 | G47: 117 | H47: 109.7 | I47: 125.5 | J47: 120.5 | K47: 111 | L47: 102.6 | M47: 111.2 | N47: 113.5 | O47: 118.7 | P47: 117.2 | Q47: 115.4 | R47: 118.1 | S47: 116.1 | T47: 117.8 | U47: NA | V47: 113.4 | W47: 113.7 | X47: 111.8 | Y47: 111.2 | Z47: 110.5 | AA47: 113 | AB47: 108.9 | AC47: 111.5 | AD47: 115.4
A48: Urban | B48: 2014 | C48: April | D48: 122.5 | E48: 121.7 | F48: 113.3 | G48: 117 | H48: 103.1 | I48: 126.7 | J48: 121.2 | K48: 111 | L48: 100.3 | M48: 115.3 | N48: 112.7 | O48: 121 | P48: 118.2 | Q48: 117.6 | R48: 116.3 | S48: 112.5 | T48: 115.7 | U48: 113.9 | V48: 110.9 | W48: 113.4 | X48: 111 | Y48: 111.2 | Z48: 111.2 | AA48: 112.5 | AB48: 109.1 | AC48: 111.4 | AD48: 114.7
A49: Rural+Urban | B49: 2014 | C49: April | D49: 120.9 | E49: 119.9 | F49: 116.2 | G49: 117 | H49: 107.3 | I49: 126.1 | J49: 120.7 | K49: 111 | L49: 101.8 | M49: 112.6 | N49: 113.2 | O49: 119.8 | P49: 117.6 | Q49: 116 | R49: 117.4 | S49: 114.6 | T49: 117 | U49: 113.9 | V49: 112.5 | W49: 113.6 | X49: 111.5 | Y49: 111.2 | Z49: 110.9 | AA49: 112.7 | AB49: 109 | AC49: 111.5 | AD49: 115.1
A50: Rural | B50: 2014 | C50: May | D50: 120.3 | E50: 120.2 | F50: 116.9 | G50: 118 | H50: 110.1 | I50: 126.3 | J50: 123.9 | K50: 111.5 | L50: 103.5 | M50: 111.6 | N50: 114.2 | O50: 119.2 | P50: 118.2 | Q50: 116.3 | R50: 118.7 | S50: 116.8 | T50: 118.5 | U50: NA | V50: 113.4 | W50: 114.1 | X50: 112.1 | Y50: 111.4 | Z50: 110.9 | AA50: 113.1 | AB50: 108.9 | AC50: 111.8 | AD50: 116
A51: Urban | B51: 2014 | C51: May | D51: 122.7 | E51: 124.1 | F51: 114.2 | G51: 119.1 | H51: 103.5 | I51: 129.2 | J51: 127 | K51: 112.6 | L51: 101.3 | M51: 117 | N51: 112.9 | O51: 121.7 | P51: 120 | Q51: 118.3 | R51: 116.8 | S51: 112.9 | T51: 116.2 | U51: 114.3 | V51: 111.1 | W51: 114.1 | X51: 111.2 | Y51: 111.3 | Z51: 111.5 | AA51: 112.9 | AB51: 109.3 | AC51: 111.7 | AD51: 115.6
A52: Rural+Urban | B52: 2014 | C52: May | D52: 121.1 | E52: 121.6 | F52: 115.9 | G52: 118.4 | H52: 107.7 | I52: 127.7 | J52: 125 | K52: 111.9 | L52: 102.8 | M52: 113.4 | N52: 113.7 | O52: 120.4 | P52: 118.9 | Q52: 116.8 | R52: 118 | S52: 115.2 | T52: 117.6 | U52: 114.3 | V52: 112.5 | W52: 114.1 | X52: 111.8 | Y52: 111.3 | Z52: 111.2 | AA52: 113 | AB52: 109.1 | AC52: 111.8 | AD52: 115.8
A53: Rural | B53: 2014 | C53: June | D53: 120.7 | E53: 121.6 | F53: 116.1 | G53: 119.3 | H53: 110.3 | I53: 125.8 | J53: 129.3 | K53: 112.2 | L53: 103.6 | M53: 112.3 | N53: 114.9 | O53: 120.1 | P53: 119.5 | Q53: 117.3 | R53: 119.7 | S53: 117.3 | T53: 119.3 | U53: NA | V53: 114.4 | W53: 114.9 | X53: 112.8 | Y53: 112.2 | Z53: 111.4 | AA53: 114.3 | AB53: 108 | AC53: 112.3 | AD53: 117
A54: Urban | B54: 2014 | C54: June | D54: 123.1 | E54: 125.9 | F54: 115.4 | G54: 120.4 | H54: 103.4 | I54: 131.2 | J54: 137.5 | K54: 112.8 | L54: 101.4 | M54: 118.3 | N54: 113.2 | O54: 122.4 | P54: 122 | Q54: 119 | R54: 117.4 | S54: 113.2 | T54: 116.7 | U54: 113.9 | V54: 111.2 | W54: 114.3 | X54: 111.4 | Y54: 111.5 | Z54: 111.8 | AA54: 115.1 | AB54: 108.7 | AC54: 112.2 | AD54: 116.4
A55: Rural+Urban | B55: 2014 | C55: June | D55: 121.5 | E55: 123.1 | F55: 115.8 | G55: 119.7 | H55: 107.8 | I55: 128.3 | J55: 132.1 | K55: 112.4 | L55: 102.9 | M55: 114.3 | N55: 114.2 | O55: 121.2 | P55: 120.4 | Q55: 117.8 | R55: 118.8 | S55: 115.6 | T55: 118.3 | U55: 113.9 | V55: 113.2 | W55: 114.6 | X55: 112.3 | Y55: 111.8 | Z55: 111.6 | AA55: 114.8 | AB55: 108.3 | AC55: 112.3 | AD55: 116.7
A56: Rural | B56: 2014 | C56: July | D56: 121.7 | E56: 122.5 | F56: 117.7 | G56: 120.6 | H56: 110.4 | I56: 129.1 | J56: 150.1 | K56: 113.2 | L56: 104.8 | M56: 113.3 | N56: 115.6 | O56: 120.9 | P56: 123.3 | Q56: 118 | R56: 120.7 | S56: 118.3 | T56: 120.3 | U56: NA | V56: 115.3 | W56: 115.4 | X56: 113.4 | Y56: 113.2 | Z56: 111.8 | AA56: 115.5 | AB56: 108.8 | AC56: 113.1 | AD56: 119.5
A57: Urban | B57: 2014 | C57: July | D57: 123.8 | E57: 126.4 | F57: 118 | G57: 121.6 | H57: 103.5 | I57: 133.7 | J57: 172.4 | K57: 113.1 | L57: 102.7 | M57: 120 | N57: 113.8 | O57: 123.4 | P57: 127.1 | Q57: 121 | R57: 118 | S57: 113.6 | T57: 117.4 | U57: 114.8 | V57: 111.6 | W57: 114.9 | X57: 111.5 | Y57: 113 | Z57: 112.4 | AA57: 117.8 | AB57: 109.7 | AC57: 113.5 | AD57: 118.9
A58: Rural+Urban | B58: 2014 | C58: July | D58: 122.4 | E58: 123.9 | F58: 117.8 | G58: 121 | H58: 107.9 | I58: 131.2 | J58: 157.7 | K58: 113.2 | L58: 104.1 | M58: 115.5 | N58: 114.8 | O58: 122.1 | P58: 124.7 | Q58: 118.8 | R58: 119.6 | S58: 116.3 | T58: 119.1 | U58: 114.8 | V58: 113.9 | W58: 115.2 | X58: 112.7 | Y58: 113.1 | Z58: 112.1 | AA58: 116.8 | AB58: 109.2 | AC58: 113.3 | AD58: 119.2
A59: Rural | B59: 2014 | C59: August | D59: 121.8 | E59: 122.8 | F59: 117.8 | G59: 121.9 | H59: 110.6 | I59: 129.7 | J59: 161.1 | K59: 114.1 | L59: 105.1 | M59: 114.6 | N59: 115.8 | O59: 121.7 | P59: 125.3 | Q59: 118.8 | R59: 120.9 | S59: 118.8 | T59: 120.7 | U59: NA | V59: 115.4 | W59: 115.9 | X59: 114 | Y59: 113.2 | Z59: 112.2 | AA59: 116.2 | AB59: 109.4 | AC59: 113.5 | AD59: 120.7
A60: Urban | B60: 2014 | C60: August | D60: 124.8 | E60: 127.3 | F60: 116.5 | G60: 122.2 | H60: 103.6 | I60: 132.7 | J60: 181.9 | K60: 115.2 | L60: 102.7 | M60: 122.1 | N60: 114.4 | O60: 124.7 | P60: 128.9 | Q60: 123 | R60: 118.6 | S60: 114.1 | T60: 117.9 | U60: 115.5 | V60: 111.8 | W60: 115.3 | X60: 112.2 | Y60: 112.5 | Z60: 112.9 | AA60: 119.2 | AB60: 110.5 | AC60: 113.9 | AD60: 119.9
A61: Rural+Urban | B61: 2014 | C61: August | D61: 122.7 | E61: 124.4 | F61: 117.3 | G61: 122 | H61: 108 | I61: 131.1 | J61: 168.2 | K61: 114.5 | L61: 104.3 | M61: 117.1 | N61: 115.2 | O61: 123.1 | P61: 126.6 | Q61: 119.9 | R61: 120 | S61: 116.8 | T61: 119.6 | U61: 115.5 | V61: 114 | W61: 115.6 | X61: 113.3 | Y61: 112.8 | Z61: 112.6 | AA61: 118 | AB61: 109.9 | AC61: 113.7 | AD61: 120.3
A62: Rural | B62: 2014 | C62: September | D62: 122.3 | E62: 122.4 | F62: 117.8 | G62: 122.7 | H62: 110.4 | I62: 129.8 | J62: 158.8 | K62: 115 | L62: 104.7 | M62: 114.9 | N62: 116.5 | O62: 122.6 | P62: 125.3 | Q62: 119.5 | R62: 121.7 | S62: 119.2 | T62: 121.3 | U62: NA | V62: 115.8 | W62: 116.7 | X62: 114.5 | Y62: 112.8 | Z62: 112.6 | AA62: 116.6 | AB62: 109.1 | AC62: 113.7 | AD62: 120.9
A63: Urban | B63: 2014 | C63: September | D63: 124.2 | E63: 125.4 | F63: 116.4 | G63: 122.7 | H63: 103.5 | I63: 124.5 | J63: 168.6 | K63: 116.9 | L63: 101.9 | M63: 122.9 | N63: 114.8 | O63: 125.2 | P63: 126.7 | Q63: 124.3 | R63: 119.2 | S63: 114.5 | T63: 118.4 | U63: 116.1 | V63: 111.8 | W63: 115.5 | X63: 112.3 | Y63: 111.2 | Z63: 113.4 | AA63: 120 | AB63: 110 | AC63: 113.6 | AD63: 119.2
A64: Rural+Urban | B64: 2014 | C64: September | D64: 122.9 | E64: 123.5 | F64: 117.3 | G64: 122.7 | H64: 107.9 | I64: 127.3 | J64: 162.1 | K64: 115.6 | L64: 103.8 | M64: 117.6 | N64: 115.8 | O64: 123.8 | P64: 125.8 | Q64: 120.8 | R64: 120.7 | S64: 117.2 | T64: 120.1 | U64: 116.1 | V64: 114.3 | W64: 116.1 | X64: 113.7 | Y64: 112 | Z64: 113.1 | AA64: 118.6 | AB64: 109.5 | AC64: 113.7 | AD64: 120.1
A65: Rural | B65: 2014 | C65: October | D65: 122.6 | E65: 122.5 | F65: 118.3 | G65: 123.2 | H65: 110.5 | I65: 128.9 | J65: 155.3 | K65: 115.5 | L65: 104 | M65: 115.3 | N65: 116.8 | O65: 123.2 | P65: 125.1 | Q65: 120 | R65: 122.7 | S65: 120.3 | T65: 122.3 | U65: NA | V65: 116.4 | W65: 117.5 | X65: 115.3 | Y65: 112.6 | Z65: 113 | AA65: 116.9 | AB65: 109.3 | AC65: 114 | AD65: 121
A66: Urban | B66: 2014 | C66: October | D66: 124.6 | E66: 126.1 | F66: 117.8 | G66: 123.1 | H66: 103.5 | I66: 123.5 | J66: 159.6 | K66: 117.4 | L66: 101.2 | M66: 123.8 | N66: 115.2 | O66: 125.9 | P66: 125.8 | Q66: 124.3 | R66: 119.6 | S66: 114.9 | T66: 118.9 | U66: 116.7 | V66: 112 | W66: 115.8 | X66: 112.6 | Y66: 111 | Z66: 113.6 | AA66: 120.2 | AB66: 110.1 | AC66: 113.7 | AD66: 119.1
A67: Rural+Urban | B67: 2014 | C67: October | D67: 123.2 | E67: 123.8 | F67: 118.1 | G67: 123.2 | H67: 107.9 | I67: 126.4 | J67: 156.8 | K67: 116.1 | L67: 103.1 | M67: 118.1 | N67: 116.1 | O67: 124.5 | P67: 125.4 | Q67: 121.1 | R67: 121.5 | S67: 118.1 | T67: 121 | U67: 116.7 | V67: 114.7 | W67: 116.7 | X67: 114.3 | Y67: 111.8 | Z67: 113.3 | AA67: 118.8 | AB67: 109.6 | AC67: 113.9 | AD67: 120.1
A68: Rural | B68: 2014 | C68: November | D68: 122.7 | E68: 122.6 | F68: 119.9 | G68: 124 | H68: 110.5 | I68: 128.8 | J68: 152 | K68: 116.2 | L68: 103.3 | M68: 115.8 | N68: 116.8 | O68: 124.5 | P68: 124.9 | Q68: 120.8 | R68: 123.3 | S68: 120.5 | T68: 122.9 | U68: NA | V68: 117.3 | W68: 118.1 | X68: 115.9 | Y68: 112 | Z68: 113.3 | AA68: 117.2 | AB68: 108.8 | AC68: 114.1 | AD68: 121.1
A69: Urban | B69: 2014 | C69: November | D69: 124.5 | E69: 125.6 | F69: 122.7 | G69: 124.6 | H69: 103.2 | I69: 122.2 | J69: 153.2 | K69: 119.3 | L69: 99.8 | M69: 124.6 | N69: 115.8 | O69: 126.9 | P69: 125.4 | Q69: 125.8 | R69: 120.3 | S69: 115.4 | T69: 119.5 | U69: 117.1 | V69: 112.6 | W69: 116.4 | X69: 113 | Y69: 109.7 | Z69: 114 | AA69: 120.3 | AB69: 109.6 | AC69: 113.4 | AD69: 119
A70: Rural+Urban | B70: 2014 | C70: November | D70: 123.3 | E70: 123.7 | F70: 121 | G70: 124.2 | H70: 107.8 | I70: 125.7 | J70: 152.4 | K70: 117.2 | L70: 102.1 | M70: 118.7 | N70: 116.4 | O70: 125.6 | P70: 125.1 | Q70: 122.1 | R70: 122.1 | S70: 118.4 | T70: 121.6 | U70: 117.1 | V70: 115.5 | W70: 117.3 | X70: 114.8 | Y70: 110.8 | Z70: 113.7 | AA70: 119 | AB70: 109.1 | AC70: 113.8 | AD70: 120.1
A71: Rural | B71: 2014 | C71: December | D71: 122.4 | E71: 122.4 | F71: 121.8 | G71: 124.2 | H71: 110.2 | I71: 128.6 | J71: 140.3 | K71: 116.3 | L71: 102 | M71: 116 | N71: 117.3 | O71: 124.8 | P71: 123.3 | Q71: 121.7 | R71: 123.8 | S71: 120.6 | T71: 123.3 | U71: NA | V71: 117.4 | W71: 118.2 | X71: 116.2 | Y71: 111.5 | Z71: 113.3 | AA71: 117.7 | AB71: 109.4 | AC71: 114.2 | AD71: 120.3
A72: Urban | B72: 2014 | C72: December | D72: 124 | E72: 124.7 | F72: 126.3 | G72: 124.9 | H72: 103 | I72: 122.3 | J72: 141 | K72: 120.1 | L72: 97.8 | M72: 125.4 | N72: 116.1 | O72: 127.6 | P72: 124 | Q72: 126.4 | R72: 120.7 | S72: 115.8 | T72: 120 | U72: 116.5 | V72: 113 | W72: 116.8 | X72: 113.2 | Y72: 108.8 | Z72: 114.3 | AA72: 120.7 | AB72: 110.4 | AC72: 113.4 | AD72: 118.4
A73: Rural+Urban | B73: 2014 | C73: December | D73: 122.9 | E73: 123.2 | F73: 123.5 | G73: 124.5 | H73: 107.6 | I73: 125.7 | J73: 140.5 | K73: 117.6 | L73: 100.6 | M73: 119.1 | N73: 116.8 | O73: 126.1 | P73: 123.6 | Q73: 123 | R73: 122.6 | S73: 118.6 | T73: 122 | U73: 116.5 | V73: 115.7 | W73: 117.5 | X73: 115.1 | Y73: 110.1 | Z73: 113.9 | AA73: 119.5 | AB73: 109.8 | AC73: 113.8 | AD73: 119.4
A74: Rural | B74: 2015 | C74: January | D74: 123.1 | E74: 123.1 | F74: 122.1 | G74: 124.9 | H74: 111 | I74: 130.4 | J74: 132.3 | K74: 117.2 | L74: 100.5 | M74: 117.2 | N74: 117.9 | O74: 125.6 | P74: 122.8 | Q74: 122.7 | R74: 124.4 | S74: 121.6 | T74: 124 | U74: NA | V74: 118.4 | W74: 118.9 | X74: 116.6 | Y74: 111 | Z74: 114 | AA74: 118.2 | AB74: 110.2 | AC74: 114.5 | AD74: 120.3
A75: Urban | B75: 2015 | C75: January | D75: 124 | E75: 125.5 | F75: 126.6 | G75: 125.2 | H75: 104.3 | I75: 121.3 | J75: 134.4 | K75: 122.9 | L75: 96.1 | M75: 126.6 | N75: 116.5 | O75: 128 | P75: 123.5 | Q75: 127.4 | R75: 121 | S75: 116.1 | T75: 120.2 | U75: 117.3 | V75: 113.4 | W75: 117.2 | X75: 113.7 | Y75: 107.9 | Z75: 114.6 | AA75: 120.8 | AB75: 111.4 | AC75: 113.4 | AD75: 118.5
A76: Rural+Urban | B76: 2015 | C76: January | D76: 123.4 | E76: 123.9 | F76: 123.8 | G76: 125 | H76: 108.5 | I76: 126.2 | J76: 133 | K76: 119.1 | L76: 99 | M76: 120.3 | N76: 117.3 | O76: 126.7 | P76: 123.1 | Q76: 124 | R76: 123.1 | S76: 119.3 | T76: 122.5 | U76: 117.3 | V76: 116.5 | W76: 118.1 | X76: 115.5 | Y76: 109.4 | Z76: 114.3 | AA76: 119.7 | AB76: 110.7 | AC76: 114 | AD76: 119.5
A77: Rural | B77: 2015 | C77: February | D77: 123.4 | E77: 124.4 | F77: 122.1 | G77: 125.8 | H77: 111.5 | I77: 129.4 | J77: 128.2 | K77: 118.8 | L77: 100 | M77: 118.6 | N77: 118.8 | O77: 126.8 | P77: 122.8 | Q77: 124.2 | R77: 125.4 | S77: 122.7 | T77: 125 | U77: NA | V77: 120 | W77: 119.6 | X77: 117.7 | Y77: 110.9 | Z77: 114.8 | AA77: 118.7 | AB77: 110.8 | AC77: 115 | AD77: 120.6
A78: Urban | B78: 2015 | C78: February | D78: 124.3 | E78: 126.5 | F78: 119.5 | G78: 125.6 | H78: 104.9 | I78: 121.6 | J78: 131.8 | K78: 125.1 | L78: 95 | M78: 127.7 | N78: 116.8 | O78: 128.6 | P78: 123.7 | Q78: 128.1 | R78: 121.3 | S78: 116.5 | T78: 120.6 | U78: 118.1 | V78: 114 | W78: 117.7 | X78: 114.1 | Y78: 106.8 | Z78: 114.9 | AA78: 120.4 | AB78: 111.7 | AC78: 113.2 | AD78: 118.7
A79: Rural+Urban | B79: 2015 | C79: February | D79: 123.7 | E79: 125.1 | F79: 121.1 | G79: 125.7 | H79: 109.1 | I79: 125.8 | J79: 129.4 | K79: 120.9 | L79: 98.3 | M79: 121.6 | N79: 118 | O79: 127.6 | P79: 123.1 | Q79: 125.2 | R79: 123.8 | S79: 120.1 | T79: 123.3 | U79: 118.1 | V79: 117.7 | W79: 118.7 | X79: 116.3 | Y79: 108.7 | Z79: 114.9 | AA79: 119.7 | AB79: 111.2 | AC79: 114.1 | AD79: 119.7
A80: Rural | B80: 2015 | C80: March | D80: 123.3 | E80: 124.7 | F80: 118.9 | G80: 126 | H80: 111.8 | I80: 130.9 | J80: 128 | K80: 119.9 | L80: 98.9 | M80: 119.4 | N80: 118.9 | O80: 127.7 | P80: 123.1 | Q80: 124.7 | R80: 126 | S80: 122.9 | T80: 125.5 | U80: NA | V80: 120.6 | W80: 120.2 | X80: 118.2 | Y80: 111.6 | Z80: 115.5 | AA80: 119.4 | AB80: 110.8 | AC80: 115.5 | AD80: 121.1
A81: Urban | B81: 2015 | C81: March | D81: 124 | E81: 126.7 | F81: 113.5 | G81: 125.9 | H81: 104.8 | I81: 123.8 | J81: 131.4 | K81: 127.2 | L81: 93.2 | M81: 127.4 | N81: 117 | O81: 129.2 | P81: 123.9 | Q81: 128.8 | R81: 121.7 | S81: 116.9 | T81: 120.9 | U81: 118.6 | V81: 114.4 | W81: 118 | X81: 114.3 | Y81: 108.4 | Z81: 115.4 | AA81: 120.6 | AB81: 111.3 | AC81: 113.8 | AD81: 119.1
A82: Rural+Urban | B82: 2015 | C82: March | D82: 123.5 | E82: 125.4 | F82: 116.8 | G82: 126 | H82: 109.2 | I82: 127.6 | J82: 129.2 | K82: 122.4 | L82: 97 | M82: 122.1 | N82: 118.1 | O82: 128.4 | P82: 123.4 | Q82: 125.8 | R82: 124.3 | S82: 120.4 | T82: 123.7 | U82: 118.6 | V82: 118.3 | W82: 119.2 | X82: 116.7 | Y82: 109.9 | Z82: 115.4 | AA82: 120.1 | AB82: 111 | AC82: 114.7 | AD82: 120.2
A83: Rural | B83: 2015 | C83: April | D83: 123.3 | E83: 125.5 | F83: 117.2 | G83: 126.8 | H83: 111.9 | I83: 134.2 | J83: 127.5 | K83: 121.5 | L83: 97.8 | M83: 119.8 | N83: 119.4 | O83: 128.7 | P83: 123.6 | Q83: 125.7 | R83: 126.4 | S83: 123.3 | T83: 126 | U83: NA | V83: 121.2 | W83: 120.9 | X83: 118.6 | Y83: 111.9 | Z83: 116.2 | AA83: 119.9 | AB83: 111.6 | AC83: 116 | AD83: 121.5
A84: Urban | B84: 2015 | C84: April | D84: 123.8 | E84: 128.2 | F84: 110 | G84: 126.3 | H84: 104.5 | I84: 130.6 | J84: 130.8 | K84: 131.3 | L84: 91.6 | M84: 127.7 | N84: 117.2 | O84: 129.5 | P84: 124.6 | Q84: 130.1 | R84: 122.1 | S84: 117.2 | T84: 121.3 | U84: 119.2 | V84: 114.7 | W84: 118.4 | X84: 114.6 | Y84: 108.4 | Z84: 115.6 | AA84: 121.7 | AB84: 111.8 | AC84: 114.2 | AD84: 119.7
A85: Rural+Urban | B85: 2015 | C85: April | D85: 123.5 | E85: 126.4 | F85: 114.4 | G85: 126.6 | H85: 109.2 | I85: 132.5 | J85: 128.6 | K85: 124.8 | L85: 95.7 | M85: 122.4 | N85: 118.5 | O85: 129.1 | P85: 124 | Q85: 126.9 | R85: 124.7 | S85: 120.8 | T85: 124.1 | U85: 119.2 | V85: 118.7 | W85: 119.7 | X85: 117.1 | Y85: 110.1 | Z85: 115.9 | AA85: 121 | AB85: 111.7 | AC85: 115.1 | AD85: 120.7
A86: Rural | B86: 2015 | C86: May | D86: 123.5 | E86: 127.1 | F86: 117.3 | G86: 127.7 | H86: 112.5 | I86: 134.1 | J86: 128.5 | K86: 124.3 | L86: 97.6 | M86: 120.7 | N86: 120.2 | O86: 129.8 | P86: 124.4 | Q86: 126.7 | R86: 127.3 | S86: 124.1 | T86: 126.8 | U86: NA | V86: 121.9 | W86: 121.5 | X86: 119.4 | Y86: 113.3 | Z86: 116.7 | AA86: 120.5 | AB86: 112.3 | AC86: 116.9 | AD86: 122.4
A87: Urban | B87: 2015 | C87: May | D87: 123.8 | E87: 129.7 | F87: 111.3 | G87: 126.6 | H87: 105.2 | I87: 130.8 | J87: 135.6 | K87: 142.6 | L87: 90.8 | M87: 128.8 | N87: 117.7 | O87: 129.9 | P87: 126.1 | Q87: 131.3 | R87: 122.4 | S87: 117.4 | T87: 121.6 | U87: 119.6 | V87: 114.9 | W87: 118.7 | X87: 114.9 | Y87: 110.8 | Z87: 116 | AA87: 122 | AB87: 112.4 | AC87: 115.2 | AD87: 120.7
A88: Rural+Urban | B88: 2015 | C88: May | D88: 123.6 | E88: 128 | F88: 115 | G88: 127.3 | H88: 109.8 | I88: 132.6 | J88: 130.9 | K88: 130.5 | L88: 95.3 | M88: 123.4 | N88: 119.2 | O88: 129.8 | P88: 125 | Q88: 127.9 | R88: 125.4 | S88: 121.3 | T88: 124.7 | U88: 119.6 | V88: 119.2 | W88: 120.2 | X88: 117.7 | Y88: 112 | Z88: 116.3 | AA88: 121.4 | AB88: 112.3 | AC88: 116.1 | AD88: 121.6
A89: Rural | B89: 2015 | C89: June | D89: 124.1 | E89: 130.4 | F89: 122.1 | G89: 128.7 | H89: 114.1 | I89: 133.2 | J89: 135.2 | K89: 131.9 | L89: 96.3 | M89: 123 | N89: 121.1 | O89: 131.2 | P89: 126.6 | Q89: 128.2 | R89: 128.4 | S89: 125.1 | T89: 128 | U89: NA | V89: 122.6 | W89: 122.8 | X89: 120.4 | Y89: 114.2 | Z89: 117.9 | AA89: 122 | AB89: 113 | AC89: 117.9 | AD89: 124.1
A90: Urban | B90: 2015 | C90: June | D90: 123.6 | E90: 134.4 | F90: 120.9 | G90: 127.3 | H90: 106 | I90: 132.3 | J90: 146.7 | K90: 148.1 | L90: 89.8 | M90: 130.5 | N90: 118 | O90: 130.5 | P90: 128.5 | Q90: 132.1 | R90: 123.2 | S90: 117.6 | T90: 122.3 | U90: 119 | V90: 115.1 | W90: 119.2 | X90: 115.4 | Y90: 111.7 | Z90: 116.2 | AA90: 123.8 | AB90: 112.5 | AC90: 116 | AD90: 121.7
A91: Rural+Urban | B91: 2015 | C91: June | D91: 123.9 | E91: 131.8 | F91: 121.6 | G91: 128.2 | H91: 111.1 | I91: 132.8 | J91: 139.1 | K91: 137.4 | L91: 94.1 | M91: 125.5 | N91: 119.8 | O91: 130.9 | P91: 127.3 | Q91: 129.2 | R91: 126.4 | S91: 122 | T91: 125.7 | U91: 119 | V91: 119.8 | W91: 121.1 | X91: 118.5 | Y91: 112.9 | Z91: 116.9 | AA91: 123.1 | AB91: 112.8 | AC91: 117 | AD91: 123
A92: Rural | B92: 2015 | C92: July | D92: 124 | E92: 131.5 | F92: 122 | G92: 128.7 | H92: 113.5 | I92: 133.3 | J92: 140.8 | K92: 133.8 | L92: 94.1 | M92: 123.4 | N92: 121 | O92: 131.7 | P92: 127.5 | Q92: 129.4 | R92: 128.8 | S92: 125.5 | T92: 128.3 | U92: NA | V92: 123 | W92: 123 | X92: 120.8 | Y92: 114.1 | Z92: 118 | AA92: 122.9 | AB92: 112.7 | AC92: 118.1 | AD92: 124.7
A93: Urban | B93: 2015 | C93: July | D93: 123.2 | E93: 134.3 | F93: 119.5 | G93: 127.7 | H93: 106.3 | I93: 132.8 | J93: 153.5 | K93: 149.5 | L93: 85.7 | M93: 131.5 | N93: 118.3 | O93: 131.1 | P93: 129.5 | Q93: 133.1 | R93: 123.5 | S93: 117.9 | T93: 122.7 | U93: 119.9 | V93: 115.3 | W93: 119.5 | X93: 116 | Y93: 111.5 | Z93: 116.6 | AA93: 125.4 | AB93: 111.7 | AC93: 116.3 | AD93: 122.4
A94: Rural+Urban | B94: 2015 | C94: July | D94: 123.7 | E94: 132.5 | F94: 121 | G94: 128.3 | H94: 110.9 | I94: 133.1 | J94: 145.1 | K94: 139.1 | L94: 91.3 | M94: 126.1 | N94: 119.9 | O94: 131.4 | P94: 128.2 | Q94: 130.4 | R94: 126.7 | S94: 122.3 | T94: 126.1 | U94: 119.9 | V94: 120.1 | W94: 121.3 | X94: 119 | Y94: 112.7 | Z94: 117.2 | AA94: 124.4 | AB94: 112.3 | AC94: 117.2 | AD94: 123.6
A95: Rural | B95: 2015 | C95: August | D95: 124.7 | E95: 131.3 | F95: 121.3 | G95: 128.8 | H95: 114 | I95: 134.2 | J95: 153.6 | K95: 137.9 | L95: 93.1 | M95: 123.9 | N95: 121.5 | O95: 132.5 | P95: 129.8 | Q95: 130.1 | R95: 129.5 | S95: 126.3 | T95: 129 | U95: NA | V95: 123.8 | W95: 123.7 | X95: 121.1 | Y95: 113.6 | Z95: 118.5 | AA95: 123.6 | AB95: 112.5 | AC95: 118.2 | AD95: 126.1
A96: Urban | B96: 2015 | C96: August | D96: 123.1 | E96: 131.7 | F96: 118.1 | G96: 128 | H96: 106.8 | I96: 130.1 | J96: 165.5 | K96: 156 | L96: 85.3 | M96: 132.7 | N96: 118.8 | O96: 131.7 | P96: 131.1 | Q96: 134.2 | R96: 123.7 | S96: 118.2 | T96: 122.9 | U96: 120.9 | V96: 115.3 | W96: 120 | X96: 116.6 | Y96: 109.9 | Z96: 117.2 | AA96: 126.2 | AB96: 112 | AC96: 116.2 | AD96: 123.2
A97: Rural+Urban | B97: 2015 | C97: August | D97: 124.2 | E97: 131.4 | F97: 120.1 | G97: 128.5 | H97: 111.4 | I97: 132.3 | J97: 157.6 | K97: 144 | L97: 90.5 | M97: 126.8 | N97: 120.4 | O97: 132.1 | P97: 130.3 | Q97: 131.2 | R97: 127.2 | S97: 122.9 | T97: 126.6 | U97: 120.9 | V97: 120.6 | W97: 122 | X97: 119.4 | Y97: 111.7 | Z97: 117.8 | AA97: 125.1 | AB97: 112.3 | AC97: 117.2 | AD97: 124.8
A98: Rural | B98: 2015 | C98: September | D98: 125.1 | E98: 131.1 | F98: 120.7 | G98: 129.2 | H98: 114.7 | I98: 132.3 | J98: 158.9 | K98: 142.1 | L98: 92.5 | M98: 125.4 | N98: 121.9 | O98: 132.7 | P98: 131 | Q98: 131 | R98: 130.4 | S98: 126.8 | T98: 129.9 | U98: NA | V98: 123.7 | W98: 124.5 | X98: 121.4 | Y98: 113.8 | Z98: 119.6 | AA98: 124.5 | AB98: 113.7 | AC98: 118.8 | AD98: 127
A99: Urban | B99: 2015 | C99: September | D99: 123.4 | E99: 129 | F99: 115.6 | G99: 128.3 | H99: 107 | I99: 124 | J99: 168.5 | K99: 165.4 | L99: 86.3 | M99: 134.4 | N99: 119.1 | O99: 132.3 | P99: 131.5 | Q99: 134.7 | R99: 124 | S99: 118.6 | T99: 123.2 | U99: 121.6 | V99: 115.1 | W99: 120.4 | X99: 117.1 | Y99: 109.1 | Z99: 117.3 | AA99: 126.5 | AB99: 112.9 | AC99: 116.2 | AD99: 123.5
A100: Rural+Urban | B100: 2015 | C100: September | D100: 124.6 | E100: 130.4 | F100: 118.7 | G100: 128.9 | H100: 111.9 | I100: 128.4 | J100: 162.2 | K100: 150 | L100: 90.4 | M100: 128.4 | N100: 120.7 | O100: 132.5 | P100: 131.2 | Q100: 132 | R100: 127.9 | S100: 123.4 | T100: 127.2 | U100: 121.6 | V100: 120.4 | W100: 122.6 | X100: 119.8 | Y100: 111.3 | Z100: 118.3 | AA100: 125.7 | AB100: 113.4 | AC100: 117.5 | AD100: 125.4
...

Sheet CPI_Basket
A1: Q1 — CPI Basket Contribution by Broader Category (May 2023, Rural+Urban)
A4: Broader Category | B4: Avg Index | C4: Contribution % | D4: Sub categories
A5: Food | B5: =AVERAGE( AVERAGEIFS(Raw_Data!D:D,Raw_Data!A:A,"Rural+Urban",Raw_Data!B:B,2023,Raw_Data!C:C,"May"), AVERAGEIFS(Raw_Data!E:E,Raw_Data!A:A,"Rural+Urban",Raw_Data!B:B,2023,Raw_Data!C:C,"May"), AVERAGEIFS(Raw_Data!F:F,Raw_Data!A:A,"Rural+Urban",Raw_Data!B:B,2023,Raw_Data!C:C,"May"), AVERAGEIFS(Raw_Data!G:G,Raw_Data!A:A,"Rural+Urban",Raw_Data!B:B,2023,Raw_Data!C:C,"May"), AVERAGEIFS(Raw_Data!H:H,Raw_Data!A:A,"Rural+Urban",Raw_Data!B:B,2023,Raw_Data!C:C,"May"), AVERAGEIFS(Raw_Data!I:I,Raw_Data!A:A,"Rural+Urban",Raw_Data!B:B,2023,Raw_Data!C:C,"May"), AVERAGEIFS(Raw_Data!J:J,Raw_Data!A:A,"Rural+Urban",Raw_Data!B:B,2023,Raw_Data!C:C,"May"), AVERAGEIFS(Raw_Data!K:K,Raw_Data!A:A,"Rural+Urban",Raw_Data!B:B,2023,Raw_Data!C:C,"May"), AVERAGEIFS(Raw_Data!L:L,Raw_Data!A:A,"Rural+Urban",Raw_Data!B:B,2023,Raw_Data!C:C,"May"), AVERAGEIFS(Raw_Data!M:M,Raw_Data!A:A,"Rural+Urban",Raw_Data!B:B,2023,Raw_Data!C:C,"May"), AVERAGEIFS(Raw_Data!N:N,Raw_Data!A:A,"Rural+Urban",Raw_Data!B:B,2023,Raw_Data!C:C,"May"), AVERAGEIFS(Raw_Data!O:O,Raw_Data!A:A,"Rural+Urban",Raw_Data!B:B,2023,Raw_Data!C:C,"May"), AVERAGEIFS(Raw_Data!P:P,Raw_Data!A:A,"Rural+Urban",Raw_Data!B:B,2023,Raw_Data!C:C,"May") ) -> 177.45385 | C5: =B5/SUM($B$5:$B$16) -> 0.082301106 | D5: Cereals and products, Meat and fish, Egg, Milk and products, Oils and fats, Fruits, Vegetables, Pulses and products, Sugar and Confectionery, Spices, Non-alcoholic beverages, Prepared meals, snacks, sweets etc., Food and beverages
A6: Clothing & Footwear | B6: =AVERAGE( AVERAGEIFS(Raw_Data!R:R,Raw_Data!A:A,"Rural+Urban",Raw_Data!B:B,2023,Raw_Data!C:C,"May"), AVERAGEIFS(Raw_Data!S:S,Raw_Data!A:A,"Rural+Urban",Raw_Data!B:B,2023,Raw_Data!C:C,"May"), AVERAGEIFS(Raw_Data!T:T,Raw_Data!A:A,"Rural+Urban",Raw_Data!B:B,2023,Raw_Data!C:C,"May") ) -> 184.4 | C6: =B6/SUM($B$5:$B$16) -> 0.085522654 | D6: Clothing, Footwear, Clothing and footwear
A7: Housing | B7: =AVERAGEIFS(Raw_Data!U:U,Raw_Data!A:A,"Rural+Urban",Raw_Data!B:B,2023,Raw_Data!C:C,"May") -> 175.6 | C7: =B7/SUM($B$5:$B$16) -> 0.081441313 | D7: Housing
A8: Energy | B8: =AVERAGEIFS(Raw_Data!V:V,Raw_Data!A:A,"Rural+Urban",Raw_Data!B:B,2023,Raw_Data!C:C,"May") -> 182.8 | C8: =B8/SUM($B$5:$B$16) -> 0.084780592 | D8: Fuel and light
A9: Healthcare | B9: =AVERAGEIFS(Raw_Data!X:X,Raw_Data!A:A,"Rural+Urban",Raw_Data!B:B,2023,Raw_Data!C:C,"May") -> 185.7 | C9: =B9/SUM($B$5:$B$16) -> 0.08612558 | D9: Health
A10: Transport & Communication | B10: =AVERAGEIFS(Raw_Data!Y:Y,Raw_Data!A:A,"Rural+Urban",Raw_Data!B:B,2023,Raw_Data!C:C,"May") -> 164.8 | C10: =B10/SUM($B$5:$B$16) -> 0.076432394 | D10: Transport and communication
A11: Education | B11: =AVERAGEIFS(Raw_Data!AA:AA,Raw_Data!A:A,"Rural+Urban",Raw_Data!B:B,2023,Raw_Data!C:C,"May") -> 177.1 | C11: =B11/SUM($B$5:$B$16) -> 0.082136996 | D11: Education
A12: Recreation | B12: =AVERAGEIFS(Raw_Data!Z:Z,Raw_Data!A:A,"Rural+Urban",Raw_Data!B:B,2023,Raw_Data!C:C,"May") -> 171.2 | C12: =B12/SUM($B$5:$B$16) -> 0.079400642 | D12: Recreation and amusement
A13: Personal Care | B13: =AVERAGEIFS(Raw_Data!AB:AB,Raw_Data!A:A,"Rural+Urban",Raw_Data!B:B,2023,Raw_Data!C:C,"May") -> 185.2 | C13: =B13/SUM($B$5:$B$16) -> 0.085893685 | D13: Personal care and effects
A14: Household Goods | B14: =AVERAGEIFS(Raw_Data!W:W,Raw_Data!A:A,"Rural+Urban",Raw_Data!B:B,2023,Raw_Data!C:C,"May") -> 175.2 | C14: =B14/SUM($B$5:$B$16) -> 0.081255797 | D14: Household goods and services
A15: Tobacco & Intoxicants | B15: =AVERAGEIFS(Raw_Data!Q:Q,Raw_Data!A:A,"Rural+Urban",Raw_Data!B:B,2023,Raw_Data!C:C,"May") -> 201 | C15: =B15/SUM($B$5:$B$16) -> 0.093221548 | D15: Pan, tobacco and intoxicants
A16: Miscellaneous | B16: =AVERAGEIFS(Raw_Data!AC:AC,Raw_Data!A:A,"Rural+Urban",Raw_Data!B:B,2023,Raw_Data!C:C,"May") -> 175.7 | C16: =B16/SUM($B$5:$B$16) -> 0.081487692 | D16: Miscellaneous
A17: TOTAL | C17: =SUM(C5:C16) -> 1
A23: Q1 insights Tobacco & Intoxicants has the highest contribution (~9.3%) because its index value has risen the most since the base year — meaning prices in this category have inflated the most overall. Food comes in around 8.2% despite being the largest spending category — this is because equal weights are assumed across all categories per the problem statement. All 12 bucket contributions sum to exactly 100%

Sheet YOY_Inflation 
A1: Q2 — Year-on-Year CPI Inflation Rate (Rural+Urban, General Index), 2017–2023
A3: Year | B3: Jan CPI (Start) | C3: Dec/Last CPI (End) | D3: YoY Rate | E3: Key Driver
A4: 2017 | B4: =AVERAGEIFS(Raw_Data!AD:AD,Raw_Data!A:A,"Rural+Urban",Raw_Data!B:B,A4,Raw_Data!C:C,"January") -> 130.3 | C4: =AVERAGEIFS(Raw_Data!AD:AD,Raw_Data!A:A,"Rural+Urban",Raw_Data!B:B,A4,Raw_Data!C:C,"December") -> 137.2 | D4: =(C4-B4)/B4 -> 0.05295472 | E4: Post-demonetisation recovery; food prices normalizing
A5: 2018 | B5: =AVERAGEIFS(Raw_Data!AD:AD,Raw_Data!A:A,"Rural+Urban",Raw_Data!B:B,A5,Raw_Data!C:C,"January") -> 136.9 | C5: =AVERAGEIFS(Raw_Data!AD:AD,Raw_Data!A:A,"Rural+Urban",Raw_Data!B:B,A5,Raw_Data!C:C,"December") -> 140.1 | D5: =(C5-B5)/B5 -> 0.023374726 | E5: Low food inflation; stable global commodity prices
A6: 2019 | B6: =AVERAGEIFS(Raw_Data!AD:AD,Raw_Data!A:A,"Rural+Urban",Raw_Data!B:B,A6,Raw_Data!C:C,"January") -> 139.6 | C6: =AVERAGEIFS(Raw_Data!AD:AD,Raw_Data!A:A,"Rural+Urban",Raw_Data!B:B,A6,Raw_Data!C:C,"December") -> 150.4 | D6: =(C6-B6)/B6 -> 0.077363897 | E6: Onion price surge 300%+; crop failure due to unseasonal rains
A7: 2020 | B7: =AVERAGEIFS(Raw_Data!AD:AD,Raw_Data!A:A,"Rural+Urban",Raw_Data!B:B,A7,Raw_Data!C:C,"January") -> 150.2 | C7: =AVERAGEIFS(Raw_Data!AD:AD,Raw_Data!A:A,"Rural+Urban",Raw_Data!B:B,A7,Raw_Data!C:C,"December") -> 158.9 | D7: =(C7-B7)/B7 -> 0.05792277 | E7: COVID lockdown supply disruptions; food price spike
A8: 2021 | B8: =AVERAGEIFS(Raw_Data!AD:AD,Raw_Data!A:A,"Rural+Urban",Raw_Data!B:B,A8,Raw_Data!C:C,"January") -> 157.3 | C8: =AVERAGEIFS(Raw_Data!AD:AD,Raw_Data!A:A,"Rural+Urban",Raw_Data!B:B,A8,Raw_Data!C:C,"December") -> 166.2 | D8: =(C8-B8)/B8 -> 0.056579784 | E8: Post-lockdown demand rebound; global supply chain stress
A9: 2022 | B9: =AVERAGEIFS(Raw_Data!AD:AD,Raw_Data!A:A,"Rural+Urban",Raw_Data!B:B,A9,Raw_Data!C:C,"January") -> 165.7 | C9: =AVERAGEIFS(Raw_Data!AD:AD,Raw_Data!A:A,"Rural+Urban",Raw_Data!B:B,A9,Raw_Data!C:C,"December") -> 175.7 | D9: =(C9-B9)/B9 -> 0.06035003 | E9: Russia-Ukraine war; global energy & food commodity spike
A10: 2023 | B10: =AVERAGEIFS(Raw_Data!AD:AD,Raw_Data!A:A,"Rural+Urban",Raw_Data!B:B,A10,Raw_Data!C:C,"January") -> 176.5 | C10: =AVERAGEIFS(Raw_Data!AD:AD,Raw_Data!A:A,"Rural+Urban",Raw_Data!B:B,2023,Raw_Data!C:C,"May") -> 179.1 | D10: =(C10-B10)/B10 -> 0.014730878 | E10: Partial data (Jan–May); food prices easing; base effects
A14: Q2 Insights
A15: 2019 had the highest inflation at ~7.74%. India faced its worst onion shortage in decades — unseasonal rains destroyed crops, onion prices surged 300%+, pushing food and overall CPI to a peak for the entire 2017–2023 period.

Sheet Food_Inflation
A1: Q3 — Food Inflation Analysis: 12 Months Ending May 2023 (Rural+Urban)
A3: Part A — Month-on-Month Food Index & Inflation
A4: Period | B4: Food Avg Index | C4: MoM Change | D4: MoM % Change | E4: Highlight
A5: 2022 June | B5: {=AVERAGE(_xlfn._xlws.FILTER(Raw_Data!D:O,(Raw_Data!A:A="Rural+Urban")*(Raw_Data!B:B=2022)*(Raw_Data!C:C="June")))} -> 173.91667
A6: 2022 July | B6: {=AVERAGE(_xlfn._xlws.FILTER(Raw_Data!D:O,(Raw_Data!A:A="Rural+Urban")*(Raw_Data!B:B=2022)*(Raw_Data!C:C="July")))} -> 174.275 | C6: =B6-B5 -> 0.35833333 | D6: =(B6-B5)/B5 -> 0.0020603737
A7: 2022 August | B7: {=AVERAGE(_xlfn._xlws.FILTER(Raw_Data!D:O,(Raw_Data!A:A="Rural+Urban")*(Raw_Data!B:B=2022)*(Raw_Data!C:C="August")))} -> 174.40833 | C7: =B7-B6 -> 0.13333333 | D7: =(B7-B6)/B6 -> 0.00076507436
A8: 2022 September | B8: {=AVERAGE(_xlfn._xlws.FILTER(Raw_Data!D:O,(Raw_Data!A:A="Rural+Urban")*(Raw_Data!B:B=2022)*(Raw_Data!C:C="September")))} -> 175.25833 | C8: =B8-B7 -> 0.85 | D8: =(B8-B7)/B7 -> 0.0048736203
A9: 2022 October | B9: {=AVERAGE(_xlfn._xlws.FILTER(Raw_Data!D:O,(Raw_Data!A:A="Rural+Urban")*(Raw_Data!B:B=2022)*(Raw_Data!C:C="October")))} -> 176.475 | C9: =B9-B8 -> 1.2166667 | D9: =(B9-B8)/B8 -> 0.006942133
A10: 2022 November | B10: {=AVERAGE(_xlfn._xlws.FILTER(Raw_Data!D:O,(Raw_Data!A:A="Rural+Urban")*(Raw_Data!B:B=2022)*(Raw_Data!C:C="November")))} -> 176.54167 | C10: =B10-B9 -> 0.066666667 | D10: =(B10-B9)/B9 -> 0.00037776833
A11: 2022 December | B11: {=AVERAGE(_xlfn._xlws.FILTER(Raw_Data!D:O,(Raw_Data!A:A="Rural+Urban")*(Raw_Data!B:B=2022)*(Raw_Data!C:C="December")))} -> 175.625 | C11: =B11-B10 -> -0.91666667 | D11: =(B11-B10)/B10 -> -0.0051923531
A12: 2023 January | B12: {=AVERAGE(_xlfn._xlws.FILTER(Raw_Data!D:O,(Raw_Data!A:A="Rural+Urban")*(Raw_Data!B:B=2023)*(Raw_Data!C:C="January")))} -> 176.33333 | C12: =B12-B11 -> 0.70833333 | D12: =(B12-B11)/B11 -> 0.0040332147
A13: 2023 February | B13: {=AVERAGE(_xlfn._xlws.FILTER(Raw_Data!D:O,(Raw_Data!A:A="Rural+Urban")*(Raw_Data!B:B=2023)*(Raw_Data!C:C="February")))} -> 175.175 | C13: =B13-B12 -> -1.1583333 | D13: =(B13-B12)/B12 -> -0.0065689981 | E13: Lowest Inflation
A14: 2023 March | B14: {=AVERAGE(_xlfn._xlws.FILTER(Raw_Data!D:O,(Raw_Data!A:A="Rural+Urban")*(Raw_Data!B:B=2023)*(Raw_Data!C:C="March")))} -> 175.18333 | C14: =B14-B13 -> 0.0083333333 | D14: =(B14-B13)/B13 -> 4.7571476e-05
A15: 2023 April | B15: {=AVERAGE(_xlfn._xlws.FILTER(Raw_Data!D:O,(Raw_Data!A:A="Rural+Urban")*(Raw_Data!B:B=2023)*(Raw_Data!C:C="April")))} -> 175.975 | C15: =B15-B14 -> 0.79166667 | D15: =(B15-B14)/B14 -> 0.0045190753
A16: 2023 May | B16: {=AVERAGE(_xlfn._xlws.FILTER(Raw_Data!D:O,(Raw_Data!A:A="Rural+Urban")*(Raw_Data!B:B=2023)*(Raw_Data!C:C="May")))} -> 177.31667 | C16: =B16-B15 -> 1.3416667 | D16: =(B16-B15)/B15 -> 0.007624189 | E16: Highest Inflation
A19: Part B — Absolute Change in Individual Food Categories (Jun 2022 → May 2023)
A20: Food Sub-Category | B20: Jun 2022 Index | C20: May 2023 Index | D20: Absolute Change | E20: Direction
A21: Spices | B21: =AVERAGEIFS(Raw_Data!M:M,Raw_Data!A:A,"Rural+Urban",Raw_Data!B:B,2022,Raw_Data!C:C,"June") -> 187.1 | C21: =AVERAGEIFS(Raw_Data!M:M,Raw_Data!A:A,"Rural+Urban",Raw_Data!B:B,2023,Raw_Data!C:C,"May") -> 218 | D21: =C21-B21 -> 30.9 | E21: ▲ Inflation
A22: Cereals and products | B22: =AVERAGEIFS(Raw_Data!D:D,Raw_Data!A:A,"Rural+Urban",Raw_Data!B:B,2022,Raw_Data!C:C,"June") -> 155 | C22: =AVERAGEIFS(Raw_Data!D:D,Raw_Data!A:A,"Rural+Urban",Raw_Data!B:B,2023,Raw_Data!C:C,"May") -> 173.7 | D22: =C22-B22 -> 18.7 | E22: ▲ Inflation
A23: Milk and products | B23: =AVERAGEIFS(Raw_Data!G:G,Raw_Data!A:A,"Rural+Urban",Raw_Data!B:B,2022,Raw_Data!C:C,"June") -> 165.8 | C23: =AVERAGEIFS(Raw_Data!G:G,Raw_Data!A:A,"Rural+Urban",Raw_Data!B:B,2023,Raw_Data!C:C,"May") -> 179.5 | D23: =C23-B23 -> 13.7 | E23: ▲ Inflation
A24: Pulses and products | B24: =AVERAGEIFS(Raw_Data!K:K,Raw_Data!A:A,"Rural+Urban",Raw_Data!B:B,2022,Raw_Data!C:C,"June") -> 164.3 | C24: =AVERAGEIFS(Raw_Data!K:K,Raw_Data!A:A,"Rural+Urban",Raw_Data!B:B,2023,Raw_Data!C:C,"May") -> 175.6 | D24: =C24-B24 -> 11.3 | E24: ▲ Inflation
A25: Prepared meals, snacks, sweets etc. | B25: =AVERAGEIFS(Raw_Data!O:O,Raw_Data!A:A,"Rural+Urban",Raw_Data!B:B,2022,Raw_Data!C:C,"June") -> 183.9 | C25: =AVERAGEIFS(Raw_Data!O:O,Raw_Data!A:A,"Rural+Urban",Raw_Data!B:B,2023,Raw_Data!C:C,"May") -> 194.2 | D25: =C25-B25 -> 10.3 | E25: ▲ Inflation
A26: Non-alcoholic beverages | B26: =AVERAGEIFS(Raw_Data!N:N,Raw_Data!A:A,"Rural+Urban",Raw_Data!B:B,2022,Raw_Data!C:C,"June") -> 167.9 | C26: =AVERAGEIFS(Raw_Data!N:N,Raw_Data!A:A,"Rural+Urban",Raw_Data!B:B,2023,Raw_Data!C:C,"May") -> 173.4 | D26: =C26-B26 -> 5.5 | E26: ▲ Inflation
A27: Sugar and Confectionery | B27: =AVERAGEIFS(Raw_Data!L:L,Raw_Data!A:A,"Rural+Urban",Raw_Data!B:B,2022,Raw_Data!C:C,"June") -> 119.9 | C27: =AVERAGEIFS(Raw_Data!L:L,Raw_Data!A:A,"Rural+Urban",Raw_Data!B:B,2023,Raw_Data!C:C,"May") -> 122.7 | D27: =C27-B27 -> 2.8 | E27: ▲ Inflation
A28: Fruits | B28: =AVERAGEIFS(Raw_Data!I:I,Raw_Data!A:A,"Rural+Urban",Raw_Data!B:B,2022,Raw_Data!C:C,"June") -> 169.7 | C28: =AVERAGEIFS(Raw_Data!I:I,Raw_Data!A:A,"Rural+Urban",Raw_Data!B:B,2023,Raw_Data!C:C,"May") -> 172.2 | D28: =C28-B28 -> 2.5 | E28: ▲ Inflation
A29: Egg | B29: =AVERAGEIFS(Raw_Data!F:F,Raw_Data!A:A,"Rural+Urban",Raw_Data!B:B,2022,Raw_Data!C:C,"June") -> 170.8 | C29: =AVERAGEIFS(Raw_Data!F:F,Raw_Data!A:A,"Rural+Urban",Raw_Data!B:B,2023,Raw_Data!C:C,"May") -> 173.2 | D29: =C29-B29 -> 2.4 | E29: ▲ Inflation
A30: Meat and fish | B30: =AVERAGEIFS(Raw_Data!E:E,Raw_Data!A:A,"Rural+Urban",Raw_Data!B:B,2022,Raw_Data!C:C,"June") -> 219.4 | C30: =AVERAGEIFS(Raw_Data!E:E,Raw_Data!A:A,"Rural+Urban",Raw_Data!B:B,2023,Raw_Data!C:C,"May") -> 214.3 | D30: =C30-B30 -> -5.1 | E30: ▼ Deflation
A31: Vegetables | B31: =AVERAGEIFS(Raw_Data!J:J,Raw_Data!A:A,"Rural+Urban",Raw_Data!B:B,2022,Raw_Data!C:C,"June") -> 182.3 | C31: =AVERAGEIFS(Raw_Data!J:J,Raw_Data!A:A,"Rural+Urban",Raw_Data!B:B,2023,Raw_Data!C:C,"May") -> 161 | D31: =C31-B31 -> -21.3 | E31: ▼ Deflation
A32: Oils and fats | B32: =AVERAGEIFS(Raw_Data!H:H,Raw_Data!A:A,"Rural+Urban",Raw_Data!B:B,2022,Raw_Data!C:C,"June") -> 200.9 | C32: =AVERAGEIFS(Raw_Data!H:H,Raw_Data!A:A,"Rural+Urban",Raw_Data!B:B,2023,Raw_Data!C:C,"May") -> 170 | D32: =C32-B32 -> -30.9 | E32: ▼ Deflation
A35: Q3 Insights
A37: Highest food inflation month: October 2022 (+0.72% MoM) — festive season demand (Navratri, Diwali) pushed vegetables and spices prices up sharply.
A39: Lowest food inflation month: February 2023 (−0.59% MoM) — post-harvest season flooded markets with fresh supply, cooling prices.
A41: Biggest inflationary sub-category: Spices (+30.9 index points) — erratic monsoon and global supply disruptions drove sustained price increases.
A43: Biggest deflationary sub-category: Oils & Fats (−30.9 points) — global edible oil prices crashed after the 2022 Ukraine war commodity spike cooled. India imports ~60% of edible oils so benefited directly.

Sheet COVID_Impact
A1: Q4 — COVID-19 Impact on CPI Inflation (Rural+Urban, 2019–2021)
A3: Period | B3: Year | C3: General Index | D3: MoM% General | E3: Health Index | F3: Health MoM% | G3: Food & Bev Index | H3: Food Mom% | I3: Fuel & Light | J3: Fuel MoM%
A4: 2019 January | B4: 2019 | C4: =AVERAGEIFS( Clean_Data!AD:AD, Clean_Data!A:A,"Rural+Urban", Clean_Data!B:B,B4, Clean_Data!C:C,TEXT(DATEVALUE("1-"&RIGHT(A4,LEN(A4)-FIND(" ",A4))&"-"&B4),"mmmm") ) -> 139.6 | E4: =AVERAGEIFS( Clean_Data!X:X, Clean_Data!A:A,"Rural+Urban", Clean_Data!B:B,B4, Clean_Data!C:C,TEXT(DATEVALUE("1-"&RIGHT(A4,LEN(A4)-FIND(" ",A4))&"-"&B4),"mmmm") ) -> 145.1 | G4: =AVERAGEIFS( Clean_Data!P:P, Clean_Data!A:A,"Rural+Urban", Clean_Data!B:B,B4, Clean_Data!C:C,TEXT(DATEVALUE("1-"&RIGHT(A4,LEN(A4)-FIND(" ",A4))&"-"&B4),"mmmm") ) -> 137.4 | I4: =AVERAGEIFS( Clean_Data!V:V, Clean_Data!A:A,"Rural+Urban", Clean_Data!B:B,B4, Clean_Data!C:C,TEXT(DATEVALUE("1-"&RIGHT(A4,LEN(A4)-FIND(" ",A4))&"-"&B4),"mmmm") ) -> 139.5
A5: 2019 February | B5: 2019 | C5: =AVERAGEIFS( Clean_Data!AD:AD, Clean_Data!A:A,"Rural+Urban", Clean_Data!B:B,B5, Clean_Data!C:C,TEXT(DATEVALUE("1-"&RIGHT(A5,LEN(A5)-FIND(" ",A5))&"-"&B5),"mmmm") ) -> 139.9 | D5: =(C5-C4)/C4 -> 0.0021489971 | E5: =AVERAGEIFS( Clean_Data!X:X, Clean_Data!A:A,"Rural+Urban", Clean_Data!B:B,B5, Clean_Data!C:C,TEXT(DATEVALUE("1-"&RIGHT(A5,LEN(A5)-FIND(" ",A5))&"-"&B5),"mmmm") ) -> 145.6 | F5: =(E5-E4)/E4 -> 0.0034458994 | G5: =AVERAGEIFS( Clean_Data!P:P, Clean_Data!A:A,"Rural+Urban", Clean_Data!B:B,B5, Clean_Data!C:C,TEXT(DATEVALUE("1-"&RIGHT(A5,LEN(A5)-FIND(" ",A5))&"-"&B5),"mmmm") ) -> 137.5 | H5: =(G5-G4)/G4 -> 0.00072780204 | I5: =AVERAGEIFS( Clean_Data!V:V, Clean_Data!A:A,"Rural+Urban", Clean_Data!B:B,B5, Clean_Data!C:C,TEXT(DATEVALUE("1-"&RIGHT(A5,LEN(A5)-FIND(" ",A5))&"-"&B5),"mmmm") ) -> 138.4 | J5: =(I5-I4)/I4 -> -0.0078853047
A6: 2019 March | B6: 2019 | C6: =AVERAGEIFS( Clean_Data!AD:AD, Clean_Data!A:A,"Rural+Urban", Clean_Data!B:B,B6, Clean_Data!C:C,TEXT(DATEVALUE("1-"&RIGHT(A6,LEN(A6)-FIND(" ",A6))&"-"&B6),"mmmm") ) -> 140.4 | D6: =(C6-C5)/C5 -> 0.0035739814 | E6: =AVERAGEIFS( Clean_Data!X:X, Clean_Data!A:A,"Rural+Urban", Clean_Data!B:B,B6, Clean_Data!C:C,TEXT(DATEVALUE("1-"&RIGHT(A6,LEN(A6)-FIND(" ",A6))&"-"&B6),"mmmm") ) -> 146.2 | F6: =(E6-E5)/E5 -> 0.0041208791 | G6: =AVERAGEIFS( Clean_Data!P:P, Clean_Data!A:A,"Rural+Urban", Clean_Data!B:B,B6, Clean_Data!C:C,TEXT(DATEVALUE("1-"&RIGHT(A6,LEN(A6)-FIND(" ",A6))&"-"&B6),"mmmm") ) -> 138.1 | H6: =(G6-G5)/G5 -> 0.0043636364 | I6: =AVERAGEIFS( Clean_Data!V:V, Clean_Data!A:A,"Rural+Urban", Clean_Data!B:B,B6, Clean_Data!C:C,TEXT(DATEVALUE("1-"&RIGHT(A6,LEN(A6)-FIND(" ",A6))&"-"&B6),"mmmm") ) -> 139.7 | J6: =(I6-I5)/I5 -> 0.0093930636
A7: 2019 May | B7: 2019 | C7: =AVERAGEIFS( Clean_Data!AD:AD, Clean_Data!A:A,"Rural+Urban", Clean_Data!B:B,B7, Clean_Data!C:C,TEXT(DATEVALUE("1-"&RIGHT(A7,LEN(A7)-FIND(" ",A7))&"-"&B7),"mmmm") ) -> 142 | D7: =(C7-C6)/C6 -> 0.011396011 | E7: =AVERAGEIFS( Clean_Data!X:X, Clean_Data!A:A,"Rural+Urban", Clean_Data!B:B,B7, Clean_Data!C:C,TEXT(DATEVALUE("1-"&RIGHT(A7,LEN(A7)-FIND(" ",A7))&"-"&B7),"mmmm") ) -> 146.9 | F7: =(E7-E6)/E6 -> 0.0047879617 | G7: =AVERAGEIFS( Clean_Data!P:P, Clean_Data!A:A,"Rural+Urban", Clean_Data!B:B,B7, Clean_Data!C:C,TEXT(DATEVALUE("1-"&RIGHT(A7,LEN(A7)-FIND(" ",A7))&"-"&B7),"mmmm") ) -> 140.9 | H7: =(G7-G6)/G6 -> 0.020275163 | I7: =AVERAGEIFS( Clean_Data!V:V, Clean_Data!A:A,"Rural+Urban", Clean_Data!B:B,B7, Clean_Data!C:C,TEXT(DATEVALUE("1-"&RIGHT(A7,LEN(A7)-FIND(" ",A7))&"-"&B7),"mmmm") ) -> 140.3 | J7: =(I7-I6)/I6 -> 0.0042949177
A8: 2019 June | B8: 2019 | C8: =AVERAGEIFS( Clean_Data!AD:AD, Clean_Data!A:A,"Rural+Urban", Clean_Data!B:B,B8, Clean_Data!C:C,TEXT(DATEVALUE("1-"&RIGHT(A8,LEN(A8)-FIND(" ",A8))&"-"&B8),"mmmm") ) -> 142.9 | D8: =(C8-C7)/C7 -> 0.0063380282 | E8: =AVERAGEIFS( Clean_Data!X:X, Clean_Data!A:A,"Rural+Urban", Clean_Data!B:B,B8, Clean_Data!C:C,TEXT(DATEVALUE("1-"&RIGHT(A8,LEN(A8)-FIND(" ",A8))&"-"&B8),"mmmm") ) -> 147.4 | F8: =(E8-E7)/E7 -> 0.003403676 | G8: =AVERAGEIFS( Clean_Data!P:P, Clean_Data!A:A,"Rural+Urban", Clean_Data!B:B,B8, Clean_Data!C:C,TEXT(DATEVALUE("1-"&RIGHT(A8,LEN(A8)-FIND(" ",A8))&"-"&B8),"mmmm") ) -> 142.7 | H8: =(G8-G7)/G7 -> 0.012775018 | I8: =AVERAGEIFS( Clean_Data!V:V, Clean_Data!A:A,"Rural+Urban", Clean_Data!B:B,B8, Clean_Data!C:C,TEXT(DATEVALUE("1-"&RIGHT(A8,LEN(A8)-FIND(" ",A8))&"-"&B8),"mmmm") ) -> 141.2 | J8: =(I8-I7)/I7 -> 0.0064148254
A9: 2019 July | B9: 2019 | C9: =AVERAGEIFS( Clean_Data!AD:AD, Clean_Data!A:A,"Rural+Urban", Clean_Data!B:B,B9, Clean_Data!C:C,TEXT(DATEVALUE("1-"&RIGHT(A9,LEN(A9)-FIND(" ",A9))&"-"&B9),"mmmm") ) -> 144.2 | D9: =(C9-C8)/C8 -> 0.0090972708 | E9: =AVERAGEIFS( Clean_Data!X:X, Clean_Data!A:A,"Rural+Urban", Clean_Data!B:B,B9, Clean_Data!C:C,TEXT(DATEVALUE("1-"&RIGHT(A9,LEN(A9)-FIND(" ",A9))&"-"&B9),"mmmm") ) -> 147.9 | F9: =(E9-E8)/E8 -> 0.0033921303 | G9: =AVERAGEIFS( Clean_Data!P:P, Clean_Data!A:A,"Rural+Urban", Clean_Data!B:B,B9, Clean_Data!C:C,TEXT(DATEVALUE("1-"&RIGHT(A9,LEN(A9)-FIND(" ",A9))&"-"&B9),"mmmm") ) -> 144.7 | H9: =(G9-G8)/G8 -> 0.014015417 | I9: =AVERAGEIFS( Clean_Data!V:V, Clean_Data!A:A,"Rural+Urban", Clean_Data!B:B,B9, Clean_Data!C:C,TEXT(DATEVALUE("1-"&RIGHT(A9,LEN(A9)-FIND(" ",A9))&"-"&B9),"mmmm") ) -> 139.3 | J9: =(I9-I8)/I8 -> -0.013456091
A10: 2019 August | B10: 2019 | C10: =AVERAGEIFS( Clean_Data!AD:AD, Clean_Data!A:A,"Rural+Urban", Clean_Data!B:B,B10, Clean_Data!C:C,TEXT(DATEVALUE("1-"&RIGHT(A10,LEN(A10)-FIND(" ",A10))&"-"&B10),"mmmm") ) -> 145 | D10: =(C10-C9)/C9 -> 0.0055478502 | E10: =AVERAGEIFS( Clean_Data!X:X, Clean_Data!A:A,"Rural+Urban", Clean_Data!B:B,B10, Clean_Data!C:C,TEXT(DATEVALUE("1-"&RIGHT(A10,LEN(A10)-FIND(" ",A10))&"-"&B10),"mmmm") ) -> 148.5 | F10: =(E10-E9)/E9 -> 0.0040567951 | G10: =AVERAGEIFS( Clean_Data!P:P, Clean_Data!A:A,"Rural+Urban", Clean_Data!B:B,B10, Clean_Data!C:C,TEXT(DATEVALUE("1-"&RIGHT(A10,LEN(A10)-FIND(" ",A10))&"-"&B10),"mmmm") ) -> 145.9 | H10: =(G10-G9)/G9 -> 0.00829302 | I10: =AVERAGEIFS( Clean_Data!V:V, Clean_Data!A:A,"Rural+Urban", Clean_Data!B:B,B10, Clean_Data!C:C,TEXT(DATEVALUE("1-"&RIGHT(A10,LEN(A10)-FIND(" ",A10))&"-"&B10),"mmmm") ) -> 138.5 | J10: =(I10-I9)/I9 -> -0.0057430007
A11: 2019 September | B11: 2019 | C11: =AVERAGEIFS( Clean_Data!AD:AD, Clean_Data!A:A,"Rural+Urban", Clean_Data!B:B,B11, Clean_Data!C:C,TEXT(DATEVALUE("1-"&RIGHT(A11,LEN(A11)-FIND(" ",A11))&"-"&B11),"mmmm") ) -> 145.8 | D11: =(C11-C10)/C10 -> 0.0055172414 | E11: =AVERAGEIFS( Clean_Data!X:X, Clean_Data!A:A,"Rural+Urban", Clean_Data!B:B,B11, Clean_Data!C:C,TEXT(DATEVALUE("1-"&RIGHT(A11,LEN(A11)-FIND(" ",A11))&"-"&B11),"mmmm") ) -> 149 | F11: =(E11-E10)/E10 -> 0.0033670034 | G11: =AVERAGEIFS( Clean_Data!P:P, Clean_Data!A:A,"Rural+Urban", Clean_Data!B:B,B11, Clean_Data!C:C,TEXT(DATEVALUE("1-"&RIGHT(A11,LEN(A11)-FIND(" ",A11))&"-"&B11),"mmmm") ) -> 147 | H11: =(G11-G10)/G10 -> 0.0075394106 | I11: =AVERAGEIFS( Clean_Data!V:V, Clean_Data!A:A,"Rural+Urban", Clean_Data!B:B,B11, Clean_Data!C:C,TEXT(DATEVALUE("1-"&RIGHT(A11,LEN(A11)-FIND(" ",A11))&"-"&B11),"mmmm") ) -> 139.2 | J11: =(I11-I10)/I10 -> 0.0050541516
A12: 2019 October | B12: 2019 | C12: =AVERAGEIFS( Clean_Data!AD:AD, Clean_Data!A:A,"Rural+Urban", Clean_Data!B:B,B12, Clean_Data!C:C,TEXT(DATEVALUE("1-"&RIGHT(A12,LEN(A12)-FIND(" ",A12))&"-"&B12),"mmmm") ) -> 147.2 | D12: =(C12-C11)/C11 -> 0.0096021948 | E12: =AVERAGEIFS( Clean_Data!X:X, Clean_Data!A:A,"Rural+Urban", Clean_Data!B:B,B12, Clean_Data!C:C,TEXT(DATEVALUE("1-"&RIGHT(A12,LEN(A12)-FIND(" ",A12))&"-"&B12),"mmmm") ) -> 149.4 | F12: =(E12-E11)/E11 -> 0.0026845638 | G12: =AVERAGEIFS( Clean_Data!P:P, Clean_Data!A:A,"Rural+Urban", Clean_Data!B:B,B12, Clean_Data!C:C,TEXT(DATEVALUE("1-"&RIGHT(A12,LEN(A12)-FIND(" ",A12))&"-"&B12),"mmmm") ) -> 149.6 | H12: =(G12-G11)/G11 -> 0.017687075 | I12: =AVERAGEIFS( Clean_Data!V:V, Clean_Data!A:A,"Rural+Urban", Clean_Data!B:B,B12, Clean_Data!C:C,TEXT(DATEVALUE("1-"&RIGHT(A12,LEN(A12)-FIND(" ",A12))&"-"&B12),"mmmm") ) -> 140.6 | J12: =(I12-I11)/I11 -> 0.010057471
A13: 2019 November | B13: 2019 | C13: =AVERAGEIFS( Clean_Data!AD:AD, Clean_Data!A:A,"Rural+Urban", Clean_Data!B:B,B13, Clean_Data!C:C,TEXT(DATEVALUE("1-"&RIGHT(A13,LEN(A13)-FIND(" ",A13))&"-"&B13),"mmmm") ) -> 148.6 | D13: =(C13-C12)/C12 -> 0.0095108696 | E13: =AVERAGEIFS( Clean_Data!X:X, Clean_Data!A:A,"Rural+Urban", Clean_Data!B:B,B13, Clean_Data!C:C,TEXT(DATEVALUE("1-"&RIGHT(A13,LEN(A13)-FIND(" ",A13))&"-"&B13),"mmmm") ) -> 149.9 | F13: =(E13-E12)/E12 -> 0.0033467202 | G13: =AVERAGEIFS( Clean_Data!P:P, Clean_Data!A:A,"Rural+Urban", Clean_Data!B:B,B13, Clean_Data!C:C,TEXT(DATEVALUE("1-"&RIGHT(A13,LEN(A13)-FIND(" ",A13))&"-"&B13),"mmmm") ) -> 151.9 | H13: =(G13-G12)/G12 -> 0.015374332 | I13: =AVERAGEIFS( Clean_Data!V:V, Clean_Data!A:A,"Rural+Urban", Clean_Data!B:B,B13, Clean_Data!C:C,TEXT(DATEVALUE("1-"&RIGHT(A13,LEN(A13)-FIND(" ",A13))&"-"&B13),"mmmm") ) -> 142.3 | J13: =(I13-I12)/I12 -> 0.012091038
A14: 2019 December | B14: 2019 | C14: =AVERAGEIFS( Clean_Data!AD:AD, Clean_Data!A:A,"Rural+Urban", Clean_Data!B:B,B14, Clean_Data!C:C,TEXT(DATEVALUE("1-"&RIGHT(A14,LEN(A14)-FIND(" ",A14))&"-"&B14),"mmmm") ) -> 150.4 | D14: =(C14-C13)/C13 -> 0.012113055 | E14: =AVERAGEIFS( Clean_Data!X:X, Clean_Data!A:A,"Rural+Urban", Clean_Data!B:B,B14, Clean_Data!C:C,TEXT(DATEVALUE("1-"&RIGHT(A14,LEN(A14)-FIND(" ",A14))&"-"&B14),"mmmm") ) -> 150.4 | F14: =(E14-E13)/E13 -> 0.003335557 | G14: =AVERAGEIFS( Clean_Data!P:P, Clean_Data!A:A,"Rural+Urban", Clean_Data!B:B,B14, Clean_Data!C:C,TEXT(DATEVALUE("1-"&RIGHT(A14,LEN(A14)-FIND(" ",A14))&"-"&B14),"mmmm") ) -> 155 | H14: =(G14-G13)/G13 -> 0.020408163 | I14: =AVERAGEIFS( Clean_Data!V:V, Clean_Data!A:A,"Rural+Urban", Clean_Data!B:B,B14, Clean_Data!C:C,TEXT(DATEVALUE("1-"&RIGHT(A14,LEN(A14)-FIND(" ",A14))&"-"&B14),"mmmm") ) -> 143.7 | J14: =(I14-I13)/I13 -> 0.0098383696
A15: 2020 January | B15: 2020 | C15: =AVERAGEIFS( Clean_Data!AD:AD, Clean_Data!A:A,"Rural+Urban", Clean_Data!B:B,B15, Clean_Data!C:C,TEXT(DATEVALUE("1-"&RIGHT(A15,LEN(A15)-FIND(" ",A15))&"-"&B15),"mmmm") ) -> 150.2 | D15: =(C15-C14)/C14 -> -0.0013297872 | E15: =AVERAGEIFS( Clean_Data!X:X, Clean_Data!A:A,"Rural+Urban", Clean_Data!B:B,B15, Clean_Data!C:C,TEXT(DATEVALUE("1-"&RIGHT(A15,LEN(A15)-FIND(" ",A15))&"-"&B15),"mmmm") ) -> 151.2 | F15: =(E15-E14)/E14 -> 0.0053191489 | G15: =AVERAGEIFS( Clean_Data!P:P, Clean_Data!A:A,"Rural+Urban", Clean_Data!B:B,B15, Clean_Data!C:C,TEXT(DATEVALUE("1-"&RIGHT(A15,LEN(A15)-FIND(" ",A15))&"-"&B15),"mmmm") ) -> 153.5 | H15: =(G15-G14)/G14 -> -0.0096774194 | I15: =AVERAGEIFS( Clean_Data!V:V, Clean_Data!A:A,"Rural+Urban", Clean_Data!B:B,B15, Clean_Data!C:C,TEXT(DATEVALUE("1-"&RIGHT(A15,LEN(A15)-FIND(" ",A15))&"-"&B15),"mmmm") ) -> 144.6 | J15: =(I15-I14)/I14 -> 0.006263048
A16: 2020 February | B16: 2020 | C16: =AVERAGEIFS( Clean_Data!AD:AD, Clean_Data!A:A,"Rural+Urban", Clean_Data!B:B,B16, Clean_Data!C:C,TEXT(DATEVALUE("1-"&RIGHT(A16,LEN(A16)-FIND(" ",A16))&"-"&B16),"mmmm") ) -> 149.1 | D16: =(C16-C15)/C15 -> -0.0073235686 | E16: =AVERAGEIFS( Clean_Data!X:X, Clean_Data!A:A,"Rural+Urban", Clean_Data!B:B,B16, Clean_Data!C:C,TEXT(DATEVALUE("1-"&RIGHT(A16,LEN(A16)-FIND(" ",A16))&"-"&B16),"mmmm") ) -> 151.7 | F16: =(E16-E15)/E15 -> 0.0033068783 | G16: =AVERAGEIFS( Clean_Data!P:P, Clean_Data!A:A,"Rural+Urban", Clean_Data!B:B,B16, Clean_Data!C:C,TEXT(DATEVALUE("1-"&RIGHT(A16,LEN(A16)-FIND(" ",A16))&"-"&B16),"mmmm") ) -> 150.5 | H16: =(G16-G15)/G15 -> -0.019543974 | I16: =AVERAGEIFS( Clean_Data!V:V, Clean_Data!A:A,"Rural+Urban", Clean_Data!B:B,B16, Clean_Data!C:C,TEXT(DATEVALUE("1-"&RIGHT(A16,LEN(A16)-FIND(" ",A16))&"-"&B16),"mmmm") ) -> 147.2 | J16: =(I16-I15)/I15 -> 0.017980636
... A38: 2021 December | B38: 2021 | C38: =AVERAGEIFS( Clean_Data!AD:AD, Clean_Data!A:A,"Rural+Urban", Clean_Data!B:B,B38, Clean_Data!C:C,TEXT(DATEVALUE("1-"&RIGHT(A38,LEN(A38)-FIND(" ",A38))&"-"&B38),"mmmm") ) -> 166.2 | D38: =(C38-C37)/C37 -> -0.0029994001 | E38: =AVERAGEIFS( Clean_Data!X:X, Clean_Data!A:A,"Rural+Urban", Clean_Data!B:B,B38, Clean_Data!C:C,TEXT(DATEVALUE("1-"&RIGHT(A38,LEN(A38)-FIND(" ",A38))&"-"&B38),"mmmm") ) -> 170.6 | F38: =(E38-E37)/E37 -> 0.0041200706 | G38: =AVERAGEIFS( Clean_Data!P:P, Clean_Data!A:A,"Rural+Urban", Clean_Data!B:B,B38, Clean_Data!C:C,TEXT(DATEVALUE("1-"&RIGHT(A38,LEN(A38)-FIND(" ",A38))&"-"&B38),"mmmm") ) -> 168.2 | H38: =(G38-G37)/G37 -> -0.0088391279 | I38: =AVERAGEIFS( Clean_Data!V:V, Clean_Data!A:A,"Rural+Urban", Clean_Data!B:B,B38, Clean_Data!C:C,TEXT(DATEVALUE("1-"&RIGHT(A38,LEN(A38)-FIND(" ",A38))&"-"&B38),"mmmm") ) -> 164.1 | J38: =(I38-I37)/I37 -> 0.0012202563
A41: Pre Vs Post Summary Table
A43: Period | B43: Avg General Index | C43: Avg Health | D43: Avg Food | E43: Avg Fuel
A44: Pre-COVID (Jan 2019 – Feb 2020) | B44: =AVERAGE(C4:C16) -> 145.02308 | C44: =AVERAGE(E4:E16) -> 148.4 | D44: =AVERAGE(G4:G16) -> 145.74615 | E44: =AVERAGE(I4:I16) -> 141.11538
A45: Post-COVID (Mar 2020 – Dec 2021) | B45: =AVERAGE(C17:C38) -> 158.32727 | C45: =AVERAGE(E17:E38) -> 161.12727 | D45: =AVERAGE(G17:G38) -> 159.81364 | E45: =AVERAGE(I17:I38) -> 153.17273
A49: Q4 Insights :
A51: Overall inflation rose +9.4% — Pre-COVID avg General Index ~145.0 vs Post-COVID ~158.6. The pandemic clearly pushed prices up across all categories.
A53: Healthcare accelerated the most post-March 2020 — demand for medicines, hospital services, PPE and oxygen surged. Health CPI stayed elevated consistently through all of 2020 and 2021.
A55: Food showed a paradox — prices briefly fell during the strictest lockdown months as demand collapsed and supply couldn't move. Then rebounded sharply in late 2020 as supply chains reopened unevenly under pent-up demand.
A57: Fuel crashed in April 2020 — global oil prices collapsed (Brent crude briefly went negative in April 2020). India's Fuel & Light CPI dropped sharply then slowly recovered through 2021 as economic activity resumed.

Sheet Oil_Correlation
A1: Q5 — Imported Oil Price Fluctuations vs CPI Categories (2021–2023, Rural+Urban)
A3: Period | B3: Year | C3: Month | D3: General Index | E3: Brent Oil ($/bbl) | F3: Oil MoM% | G3: Gen Index MoM% | H3: Oil and Fats | I3: Fuel and light | J3: Transport | K3: Health | L3: Food and Bev | M3: Cereals | N3: Oil and fats MOM% | O3: Fuel and light MOM% | P3: Transport MOM% | Q3: Health MOM% | R3: Food and Bev MOM% | S3: Cereal MOM%
A4: 2021 January | B4: 2021 | C4: January | D4: =AVERAGEIFS( Clean_Data!AD:AD, Clean_Data!A:A,"Rural+Urban", Clean_Data!B:B,B4, Clean_Data!C:C,TEXT(DATEVALUE("1-"&RIGHT(A4,LEN(A4)-FIND(" ",A4))&"-"&B4),"mmmm") ) -> 157.3 | E4: 54.77 | H4: =AVERAGEIFS( Clean_Data!H:H, Clean_Data!A:A,"Rural+Urban", Clean_Data!B:B,B4, Clean_Data!C:C,TEXT(DATEVALUE("1-"&RIGHT(A4,LEN(A4)-FIND(" ",A4))&"-"&B4),"mmmm") ) -> 150.9 | I4: =AVERAGEIFS( Clean_Data!V:V, Clean_Data!A:A,"Rural+Urban", Clean_Data!B:B,B4, Clean_Data!C:C,TEXT(DATEVALUE("1-"&RIGHT(A4,LEN(A4)-FIND(" ",A4))&"-"&B4),"mmmm") ) -> 147.9 | J4: =AVERAGEIFS( Clean_Data!Y:Y, Clean_Data!A:A,"Rural+Urban", Clean_Data!B:B,B4, Clean_Data!C:C,TEXT(DATEVALUE("1-"&RIGHT(A4,LEN(A4)-FIND(" ",A4))&"-"&B4),"mmmm") ) -> 141.9 | K4: =AVERAGEIFS( Clean_Data!X:X, Clean_Data!A:A,"Rural+Urban", Clean_Data!B:B,B4, Clean_Data!C:C,TEXT(DATEVALUE("1-"&RIGHT(A4,LEN(A4)-FIND(" ",A4))&"-"&B4),"mmmm") ) -> 159.3 | L4: =AVERAGEIFS( Clean_Data!P:P, Clean_Data!A:A,"Rural+Urban", Clean_Data!B:B,B4, Clean_Data!C:C,TEXT(DATEVALUE("1-"&RIGHT(A4,LEN(A4)-FIND(" ",A4))&"-"&B4),"mmmm") ) -> 161 | M4: =AVERAGEIFS( Clean_Data!D:D, Clean_Data!A:A,"Rural+Urban", Clean_Data!B:B,B4, Clean_Data!C:C,TEXT(DATEVALUE("1-"&RIGHT(A4,LEN(A4)-FIND(" ",A4))&"-"&B4),"mmmm") ) -> 144.9 | N4: =(H5-H4)/H4 -> 0.051689861 | O4: =(I5-I4)/I4 -> 0.030425963 | P4: =(J5-J4)/J4 -> 0.022551092 | Q4: =(K5-K4)/K4 -> 0.012554928 | R4: =(L5-L4)/L4 -> -0.025465839 | S4: =(M5-M4)/M4 -> -0.0041407867
A5: 2021 February | B5: 2021 | C5: February | D5: =AVERAGEIFS( Clean_Data!AD:AD, Clean_Data!A:A,"Rural+Urban", Clean_Data!B:B,B5, Clean_Data!C:C,TEXT(DATEVALUE("1-"&RIGHT(A5,LEN(A5)-FIND(" ",A5))&"-"&B5),"mmmm") ) -> 156.6 | E5: 61.57 | F5: =(E5-E4)/E4 -> 0.12415556 | G5: =(D5-D4)/D4 -> -0.0044500954 | H5: =AVERAGEIFS( Clean_Data!H:H, Clean_Data!A:A,"Rural+Urban", Clean_Data!B:B,B5, Clean_Data!C:C,TEXT(DATEVALUE("1-"&RIGHT(A5,LEN(A5)-FIND(" ",A5))&"-"&B5),"mmmm") ) -> 158.7 | I5: =AVERAGEIFS( Clean_Data!V:V, Clean_Data!A:A,"Rural+Urban", Clean_Data!B:B,B5, Clean_Data!C:C,TEXT(DATEVALUE("1-"&RIGHT(A5,LEN(A5)-FIND(" ",A5))&"-"&B5),"mmmm") ) -> 152.4 | J5: =AVERAGEIFS( Clean_Data!Y:Y, Clean_Data!A:A,"Rural+Urban", Clean_Data!B:B,B5, Clean_Data!C:C,TEXT(DATEVALUE("1-"&RIGHT(A5,LEN(A5)-FIND(" ",A5))&"-"&B5),"mmmm") ) -> 145.1 | K5: =AVERAGEIFS( Clean_Data!X:X, Clean_Data!A:A,"Rural+Urban", Clean_Data!B:B,B5, Clean_Data!C:C,TEXT(DATEVALUE("1-"&RIGHT(A5,LEN(A5)-FIND(" ",A5))&"-"&B5),"mmmm") ) -> 161.3 | L5: =AVERAGEIFS( Clean_Data!P:P, Clean_Data!A:A,"Rural+Urban", Clean_Data!B:B,B5, Clean_Data!C:C,TEXT(DATEVALUE("1-"&RIGHT(A5,LEN(A5)-FIND(" ",A5))&"-"&B5),"mmmm") ) -> 156.9 | M5: =AVERAGEIFS( Clean_Data!D:D, Clean_Data!A:A,"Rural+Urban", Clean_Data!B:B,B5, Clean_Data!C:C,TEXT(DATEVALUE("1-"&RIGHT(A5,LEN(A5)-FIND(" ",A5))&"-"&B5),"mmmm") ) -> 144.3 | N5: =(H6-H5)/H5 -> 0.032766226 | O5: =(I6-I5)/I5 -> 0.020341207 | P5: =(J6-J5)/J5 -> 0.0075809786 | Q5: =(K6-K5)/K5 -> 0.0024798512 | R5: =(L6-L5)/L5 -> -0.0012746973 | S5: =(M6-M5)/M5 -> -0.0013860014
A6: 2021 March | B6: 2021 | C6: March | D6: =AVERAGEIFS( Clean_Data!AD:AD, Clean_Data!A:A,"Rural+Urban", Clean_Data!B:B,B6, Clean_Data!C:C,TEXT(DATEVALUE("1-"&RIGHT(A6,LEN(A6)-FIND(" ",A6))&"-"&B6),"mmmm") ) -> 156.8 | E6: 65.03 | F6: =(E6-E5)/E5 -> 0.056196199 | G6: =(D6-D5)/D5 -> 0.0012771392 | H6: =AVERAGEIFS( Clean_Data!H:H, Clean_Data!A:A,"Rural+Urban", Clean_Data!B:B,B6, Clean_Data!C:C,TEXT(DATEVALUE("1-"&RIGHT(A6,LEN(A6)-FIND(" ",A6))&"-"&B6),"mmmm") ) -> 163.9 | I6: =AVERAGEIFS( Clean_Data!V:V, Clean_Data!A:A,"Rural+Urban", Clean_Data!B:B,B6, Clean_Data!C:C,TEXT(DATEVALUE("1-"&RIGHT(A6,LEN(A6)-FIND(" ",A6))&"-"&B6),"mmmm") ) -> 155.5 | J6: =AVERAGEIFS( Clean_Data!Y:Y, Clean_Data!A:A,"Rural+Urban", Clean_Data!B:B,B6, Clean_Data!C:C,TEXT(DATEVALUE("1-"&RIGHT(A6,LEN(A6)-FIND(" ",A6))&"-"&B6),"mmmm") ) -> 146.2 | K6: =AVERAGEIFS( Clean_Data!X:X, Clean_Data!A:A,"Rural+Urban", Clean_Data!B:B,B6, Clean_Data!C:C,TEXT(DATEVALUE("1-"&RIGHT(A6,LEN(A6)-FIND(" ",A6))&"-"&B6),"mmmm") ) -> 161.7 | L6: =AVERAGEIFS( Clean_Data!P:P, Clean_Data!A:A,"Rural+Urban", Clean_Data!B:B,B6, Clean_Data!C:C,TEXT(DATEVALUE("1-"&RIGHT(A6,LEN(A6)-FIND(" ",A6))&"-"&B6),"mmmm") ) -> 156.7 | M6: =AVERAGEIFS( Clean_Data!D:D, Clean_Data!A:A,"Rural+Urban", Clean_Data!B:B,B6, Clean_Data!C:C,TEXT(DATEVALUE("1-"&RIGHT(A6,LEN(A6)-FIND(" ",A6))&"-"&B6),"mmmm") ) -> 144.1 | N6: =(H7-H6)/H6 -> 0.037827944 | O6: =(I7-I6)/I6 -> 0.00064308682 | P6: =(J7-J6)/J6 -> 0.0027359781 | Q6: =(K7-K6)/K6 -> 0.0037105751 | R6: =(L7-L6)/L6 -> 0.0082961072 | S6: =(M7-M6)/M6 -> 0.0013879251
A7: 2021 April | B7: 2021 | C7: April | D7: =AVERAGEIFS( Clean_Data!AD:AD, Clean_Data!A:A,"Rural+Urban", Clean_Data!B:B,B7, Clean_Data!C:C,TEXT(DATEVALUE("1-"&RIGHT(A7,LEN(A7)-FIND(" ",A7))&"-"&B7),"mmmm") ) -> 157.8 | E7: 65.49 | F7: =(E7-E6)/E6 -> 0.0070736583 | G7: =(D7-D6)/D6 -> 0.006377551 | H7: =AVERAGEIFS( Clean_Data!H:H, Clean_Data!A:A,"Rural+Urban", Clean_Data!B:B,B7, Clean_Data!C:C,TEXT(DATEVALUE("1-"&RIGHT(A7,LEN(A7)-FIND(" ",A7))&"-"&B7),"mmmm") ) -> 170.1 | I7: =AVERAGEIFS( Clean_Data!V:V, Clean_Data!A:A,"Rural+Urban", Clean_Data!B:B,B7, Clean_Data!C:C,TEXT(DATEVALUE("1-"&RIGHT(A7,LEN(A7)-FIND(" ",A7))&"-"&B7),"mmmm") ) -> 155.6 | J7: =AVERAGEIFS( Clean_Data!Y:Y, Clean_Data!A:A,"Rural+Urban", Clean_Data!B:B,B7, Clean_Data!C:C,TEXT(DATEVALUE("1-"&RIGHT(A7,LEN(A7)-FIND(" ",A7))&"-"&B7),"mmmm") ) -> 146.6 | K7: =AVERAGEIFS( Clean_Data!X:X, Clean_Data!A:A,"Rural+Urban", Clean_Data!B:B,B7, Clean_Data!C:C,TEXT(DATEVALUE("1-"&RIGHT(A7,LEN(A7)-FIND(" ",A7))&"-"&B7),"mmmm") ) -> 162.3 | L7: =AVERAGEIFS( Clean_Data!P:P, Clean_Data!A:A,"Rural+Urban", Clean_Data!B:B,B7, Clean_Data!C:C,TEXT(DATEVALUE("1-"&RIGHT(A7,LEN(A7)-FIND(" ",A7))&"-"&B7),"mmmm") ) -> 158 | M7: =AVERAGEIFS( Clean_Data!D:D, Clean_Data!A:A,"Rural+Urban", Clean_Data!B:B,B7, Clean_Data!C:C,TEXT(DATEVALUE("1-"&RIGHT(A7,LEN(A7)-FIND(" ",A7))&"-"&B7),"mmmm") ) -> 144.3 | N7: =(H8-H7)/H7 -> 0.050558495 | O7: =(I8-I7)/I7 -> 0.024421594 | P7: =(J8-J7)/J7 -> 0.01568895 | Q7: =(K8-K7)/K7 -> 0.021565003 | R7: =(L8-L7)/L7 -> 0.017088608 | S7: =(M8-M7)/M7 -> 0.013860014
A8: 2021 May | B8: 2021 | C8: May | D8: =AVERAGEIFS( Clean_Data!AD:AD, Clean_Data!A:A,"Rural+Urban", Clean_Data!B:B,B8, Clean_Data!C:C,TEXT(DATEVALUE("1-"&RIGHT(A8,LEN(A8)-FIND(" ",A8))&"-"&B8),"mmmm") ) -> 160.4 | E8: 68.71 | F8: =(E8-E7)/E7 -> 0.049167812 | G8: =(D8-D7)/D7 -> 0.016476553 | H8: =AVERAGEIFS( Clean_Data!H:H, Clean_Data!A:A,"Rural+Urban", Clean_Data!B:B,B8, Clean_Data!C:C,TEXT(DATEVALUE("1-"&RIGHT(A8,LEN(A8)-FIND(" ",A8))&"-"&B8),"mmmm") ) -> 178.7 | I8: =AVERAGEIFS( Clean_Data!V:V, Clean_Data!A:A,"Rural+Urban", Clean_Data!B:B,B8, Clean_Data!C:C,TEXT(DATEVALUE("1-"&RIGHT(A8,LEN(A8)-FIND(" ",A8))&"-"&B8),"mmmm") ) -> 159.4 | J8: =AVERAGEIFS( Clean_Data!Y:Y, Clean_Data!A:A,"Rural+Urban", Clean_Data!B:B,B8, Clean_Data!C:C,TEXT(DATEVALUE("1-"&RIGHT(A8,LEN(A8)-FIND(" ",A8))&"-"&B8),"mmmm") ) -> 148.9 | K8: =AVERAGEIFS( Clean_Data!X:X, Clean_Data!A:A,"Rural+Urban", Clean_Data!B:B,B8, Clean_Data!C:C,TEXT(DATEVALUE("1-"&RIGHT(A8,LEN(A8)-FIND(" ",A8))&"-"&B8),"mmmm") ) -> 165.8 | L8: =AVERAGEIFS( Clean_Data!P:P, Clean_Data!A:A,"Rural+Urban", Clean_Data!B:B,B8, Clean_Data!C:C,TEXT(DATEVALUE("1-"&RIGHT(A8,LEN(A8)-FIND(" ",A8))&"-"&B8),"mmmm") ) -> 160.7 | M8: =AVERAGEIFS( Clean_Data!D:D, Clean_Data!A:A,"Rural+Urban", Clean_Data!B:B,B8, Clean_Data!C:C,TEXT(DATEVALUE("1-"&RIGHT(A8,LEN(A8)-FIND(" ",A8))&"-"&B8),"mmmm") ) -> 146.3 | N8: =(H9-H8)/H8 -> 0.027979855 | O8: =(I9-I8)/I8 -> 0.0025094103 | P8: =(J9-J8)/J8 -> 0.01208865 | Q8: =(K9-K8)/K8 -> 0.0030156815 | R8: =(L9-L8)/L8 -> 0.011823273 | S8: =(M9-M8)/M8 -> 0.002734108
A9: 2021 June | B9: 2021 | C9: June | D9: =AVERAGEIFS( Clean_Data!AD:AD, Clean_Data!A:A,"Rural+Urban", Clean_Data!B:B,B9, Clean_Data!C:C,TEXT(DATEVALUE("1-"&RIGHT(A9,LEN(A9)-FIND(" ",A9))&"-"&B9),"mmmm") ) -> 161.3 | E9: 74.53 | F9: =(E9-E8)/E8 -> 0.084703828 | G9: =(D9-D8)/D8 -> 0.0056109726 | H9: =AVERAGEIFS( Clean_Data!H:H, Clean_Data!A:A,"Rural+Urban", Clean_Data!B:B,B9, Clean_Data!C:C,TEXT(DATEVALUE("1-"&RIGHT(A9,LEN(A9)-FIND(" ",A9))&"-"&B9),"mmmm") ) -> 183.7 | I9: =AVERAGEIFS( Clean_Data!V:V, Clean_Data!A:A,"Rural+Urban", Clean_Data!B:B,B9, Clean_Data!C:C,TEXT(DATEVALUE("1-"&RIGHT(A9,LEN(A9)-FIND(" ",A9))&"-"&B9),"mmmm") ) -> 159.8 | J9: =AVERAGEIFS( Clean_Data!Y:Y, Clean_Data!A:A,"Rural+Urban", Clean_Data!B:B,B9, Clean_Data!C:C,TEXT(DATEVALUE("1-"&RIGHT(A9,LEN(A9)-FIND(" ",A9))&"-"&B9),"mmmm") ) -> 150.7 | K9: =AVERAGEIFS( Clean_Data!X:X, Clean_Data!A:A,"Rural+Urban", Clean_Data!B:B,B9, Clean_Data!C:C,TEXT(DATEVALUE("1-"&RIGHT(A9,LEN(A9)-FIND(" ",A9))&"-"&B9),"mmmm") ) -> 166.3 | L9: =AVERAGEIFS( Clean_Data!P:P, Clean_Data!A:A,"Rural+Urban", Clean_Data!B:B,B9, Clean_Data!C:C,TEXT(DATEVALUE("1-"&RIGHT(A9,LEN(A9)-FIND(" ",A9))&"-"&B9),"mmmm") ) -> 162.6 | M9: =AVERAGEIFS( Clean_Data!D:D, Clean_Data!A:A,"Rural+Urban", Clean_Data!B:B,B9, Clean_Data!C:C,TEXT(DATEVALUE("1-"&RIGHT(A9,LEN(A9)-FIND(" ",A9))&"-"&B9),"mmmm") ) -> 146.7 | N9: =(H10-H9)/H9 -> -0.008709853 | O9: =(I10-I9)/I9 -> 0.0056320401 | P9: =(J10-J9)/J9 -> 0.01592568 | Q9: =(K10-K9)/K9 -> 0.0042092604 | R9: =(L10-L9)/L9 -> 0.0086100861 | S9: =(M10-M9)/M9 -> -0.0020449898
A10: 2021 July | B10: 2021 | C10: July | D10: =AVERAGEIFS( Clean_Data!AD:AD, Clean_Data!A:A,"Rural+Urban", Clean_Data!B:B,B10, Clean_Data!C:C,TEXT(DATEVALUE("1-"&RIGHT(A10,LEN(A10)-FIND(" ",A10))&"-"&B10),"mmmm") ) -> 162.5 | E10: 75.13 | F10: =(E10-E9)/E9 -> 0.0080504495 | G10: =(D10-D9)/D9 -> 0.0074395536 | H10: =AVERAGEIFS( Clean_Data!H:H, Clean_Data!A:A,"Rural+Urban", Clean_Data!B:B,B10, Clean_Data!C:C,TEXT(DATEVALUE("1-"&RIGHT(A10,LEN(A10)-FIND(" ",A10))&"-"&B10),"mmmm") ) -> 182.1 | I10: =AVERAGEIFS( Clean_Data!V:V, Clean_Data!A:A,"Rural+Urban", Clean_Data!B:B,B10, Clean_Data!C:C,TEXT(DATEVALUE("1-"&RIGHT(A10,LEN(A10)-FIND(" ",A10))&"-"&B10),"mmmm") ) -> 160.7 | J10: =AVERAGEIFS( Clean_Data!Y:Y, Clean_Data!A:A,"Rural+Urban", Clean_Data!B:B,B10, Clean_Data!C:C,TEXT(DATEVALUE("1-"&RIGHT(A10,LEN(A10)-FIND(" ",A10))&"-"&B10),"mmmm") ) -> 153.1 | K10: =AVERAGEIFS( Clean_Data!X:X, Clean_Data!A:A,"Rural+Urban", Clean_Data!B:B,B10, Clean_Data!C:C,TEXT(DATEVALUE("1-"&RIGHT(A10,LEN(A10)-FIND(" ",A10))&"-"&B10),"mmmm") ) -> 167 | L10: =AVERAGEIFS( Clean_Data!P:P, Clean_Data!A:A,"Rural+Urban", Clean_Data!B:B,B10, Clean_Data!C:C,TEXT(DATEVALUE("1-"&RIGHT(A10,LEN(A10)-FIND(" ",A10))&"-"&B10),"mmmm") ) -> 164 | M10: =AVERAGEIFS( Clean_Data!D:D, Clean_Data!A:A,"Rural+Urban", Clean_Data!B:B,B10, Clean_Data!C:C,TEXT(DATEVALUE("1-"&RIGHT(A10,LEN(A10)-FIND(" ",A10))&"-"&B10),"mmmm") ) -> 146.4 | N10: =(H11-H10)/H10 -> 0.03239978 | O10: =(I11-I10)/I10 -> 0.011823273 | P10: =(J11-J10)/J10 -> 0.0058785108 | Q10: =(K11-K10)/K10 -> 0.0083832335 | R10: =(L11-L10)/L10 -> 0 | S10: =(M11-M10)/M10 -> 0.0013661202
A11: 2021 August | B11: 2021 | C11: August | D11: =AVERAGEIFS( Clean_Data!AD:AD, Clean_Data!A:A,"Rural+Urban", Clean_Data!B:B,B11, Clean_Data!C:C,TEXT(DATEVALUE("1-"&RIGHT(A11,LEN(A11)-FIND(" ",A11))&"-"&B11),"mmmm") ) -> 163.2 | E11: 70.78 | F11: =(E11-E10)/E10 -> -0.057899641 | G11: =(D11-D10)/D10 -> 0.0043076923 | H11: =AVERAGEIFS( Clean_Data!H:H, Clean_Data!A:A,"Rural+Urban", Clean_Data!B:B,B11, Clean_Data!C:C,TEXT(DATEVALUE("1-"&RIGHT(A11,LEN(A11)-FIND(" ",A11))&"-"&B11),"mmmm") ) -> 188 | I11: =AVERAGEIFS( Clean_Data!V:V, Clean_Data!A:A,"Rural+Urban", Clean_Data!B:B,B11, Clean_Data!C:C,TEXT(DATEVALUE("1-"&RIGHT(A11,LEN(A11)-FIND(" ",A11))&"-"&B11),"mmmm") ) -> 162.6 | J11: =AVERAGEIFS( Clean_Data!Y:Y, Clean_Data!A:A,"Rural+Urban", Clean_Data!B:B,B11, Clean_Data!C:C,TEXT(DATEVALUE("1-"&RIGHT(A11,LEN(A11)-FIND(" ",A11))&"-"&B11),"mmmm") ) -> 154 | K11: =AVERAGEIFS( Clean_Data!X:X, Clean_Data!A:A,"Rural+Urban", Clean_Data!B:B,B11, Clean_Data!C:C,TEXT(DATEVALUE("1-"&RIGHT(A11,LEN(A11)-FIND(" ",A11))&"-"&B11),"mmmm") ) -> 168.4 | L11: =AVERAGEIFS( Clean_Data!P:P, Clean_Data!A:A,"Rural+Urban", Clean_Data!B:B,B11, Clean_Data!C:C,TEXT(DATEVALUE("1-"&RIGHT(A11,LEN(A11)-FIND(" ",A11))&"-"&B11),"mmmm") ) -> 164 | M11: =AVERAGEIFS( Clean_Data!D:D, Clean_Data!A:A,"Rural+Urban", Clean_Data!B:B,B11, Clean_Data!C:C,TEXT(DATEVALUE("1-"&RIGHT(A11,LEN(A11)-FIND(" ",A11))&"-"&B11),"mmmm") ) -> 146.6 | N11: =(H12-H11)/H11 -> 0 | O11: =(I12-I11)/I11 -> 0 | P11: =(J12-J11)/J11 -> 0 | Q11: =(K12-K11)/K11 -> 0 | R11: =(L12-L11)/L11 -> 0 | S11: =(M12-M11)/M11 -> 0
A12: 2021 September | B12: 2021 | C12: September | D12: =AVERAGEIFS( Clean_Data!AD:AD, Clean_Data!A:A,"Rural+Urban", Clean_Data!B:B,B12, Clean_Data!C:C,TEXT(DATEVALUE("1-"&RIGHT(A12,LEN(A12)-FIND(" ",A12))&"-"&B12),"mmmm") ) -> 163.2 | E12: 78.27 | F12: =(E12-E11)/E11 -> 0.10582085 | G12: =(D12-D11)/D11 -> 0 | H12: =AVERAGEIFS( Clean_Data!H:H, Clean_Data!A:A,"Rural+Urban", Clean_Data!B:B,B12, Clean_Data!C:C,TEXT(DATEVALUE("1-"&RIGHT(A12,LEN(A12)-FIND(" ",A12))&"-"&B12),"mmmm") ) -> 188 | I12: =AVERAGEIFS( Clean_Data!V:V, Clean_Data!A:A,"Rural+Urban", Clean_Data!B:B,B12, Clean_Data!C:C,TEXT(DATEVALUE("1-"&RIGHT(A12,LEN(A12)-FIND(" ",A12))&"-"&B12),"mmmm") ) -> 162.6 | J12: =AVERAGEIFS( Clean_Data!Y:Y, Clean_Data!A:A,"Rural+Urban", Clean_Data!B:B,B12, Clean_Data!C:C,TEXT(DATEVALUE("1-"&RIGHT(A12,LEN(A12)-FIND(" ",A12))&"-"&B12),"mmmm") ) -> 154 | K12: =AVERAGEIFS( Clean_Data!X:X, Clean_Data!A:A,"Rural+Urban", Clean_Data!B:B,B12, Clean_Data!C:C,TEXT(DATEVALUE("1-"&RIGHT(A12,LEN(A12)-FIND(" ",A12))&"-"&B12),"mmmm") ) -> 168.4 | L12: =AVERAGEIFS( Clean_Data!P:P, Clean_Data!A:A,"Rural+Urban", Clean_Data!B:B,B12, Clean_Data!C:C,TEXT(DATEVALUE("1-"&RIGHT(A12,LEN(A12)-FIND(" ",A12))&"-"&B12),"mmmm") ) -> 164 | M12: =AVERAGEIFS( Clean_Data!D:D, Clean_Data!A:A,"Rural+Urban", Clean_Data!B:B,B12, Clean_Data!C:C,TEXT(DATEVALUE("1-"&RIGHT(A12,LEN(A12)-FIND(" ",A12))&"-"&B12),"mmmm") ) -> 146.6 | N12: =(H13-H12)/H12 -> 0.013829787 | O12: =(I13-I12)/I12 -> 0.0098400984 | P12: =(J13-J12)/J12 -> 0.011038961 | Q12: =(K13-K12)/K12 -> 0.0041567696 | R12: =(L13-L12)/L12 -> 0.022560976 | S12: =(M13-M12)/M12 -> 0.0054570259
A13: 2021 October | B13: 2021 | C13: October | D13: =AVERAGEIFS( Clean_Data!AD:AD, Clean_Data!A:A,"Rural+Urban", Clean_Data!B:B,B13, Clean_Data!C:C,TEXT(DATEVALUE("1-"&RIGHT(A13,LEN(A13)-FIND(" ",A13))&"-"&B13),"mmmm") ) -> 165.5 | E13: 83.54 | F13: =(E13-E12)/E12 -> 0.067331034 | G13: =(D13-D12)/D12 -> 0.014093137 | H13: =AVERAGEIFS( Clean_Data!H:H, Clean_Data!A:A,"Rural+Urban", Clean_Data!B:B,B13, Clean_Data!C:C,TEXT(DATEVALUE("1-"&RIGHT(A13,LEN(A13)-FIND(" ",A13))&"-"&B13),"mmmm") ) -> 190.6 | I13: =AVERAGEIFS( Clean_Data!V:V, Clean_Data!A:A,"Rural+Urban", Clean_Data!B:B,B13, Clean_Data!C:C,TEXT(DATEVALUE("1-"&RIGHT(A13,LEN(A13)-FIND(" ",A13))&"-"&B13),"mmmm") ) -> 164.2 | J13: =AVERAGEIFS( Clean_Data!Y:Y, Clean_Data!A:A,"Rural+Urban", Clean_Data!B:B,B13, Clean_Data!C:C,TEXT(DATEVALUE("1-"&RIGHT(A13,LEN(A13)-FIND(" ",A13))&"-"&B13),"mmmm") ) -> 155.7 | K13: =AVERAGEIFS( Clean_Data!X:X, Clean_Data!A:A,"Rural+Urban", Clean_Data!B:B,B13, Clean_Data!C:C,TEXT(DATEVALUE("1-"&RIGHT(A13,LEN(A13)-FIND(" ",A13))&"-"&B13),"mmmm") ) -> 169.1 | L13: =AVERAGEIFS( Clean_Data!P:P, Clean_Data!A:A,"Rural+Urban", Clean_Data!B:B,B13, Clean_Data!C:C,TEXT(DATEVALUE("1-"&RIGHT(A13,LEN(A13)-FIND(" ",A13))&"-"&B13),"mmmm") ) -> 167.7 | M13: =AVERAGEIFS( Clean_Data!D:D, Clean_Data!A:A,"Rural+Urban", Clean_Data!B:B,B13, Clean_Data!C:C,TEXT(DATEVALUE("1-"&RIGHT(A13,LEN(A13)-FIND(" ",A13))&"-"&B13),"mmmm") ) -> 147.4 | N13: =(H14-H13)/H13 -> -0.0026232949 | O13: =(I14-I13)/I13 -> -0.0018270402 | P13: =(J14-J13)/J13 -> -0.0057803468 | Q13: =(K14-K13)/K13 -> 0.0047309284 | R13: =(L14-L13)/L13 -> 0.011926058 | S13: =(M14-M13)/M13 -> 0.0054274084
A14: 2021 November | B14: 2021 | C14: November | D14: =AVERAGEIFS( Clean_Data!AD:AD, Clean_Data!A:A,"Rural+Urban", Clean_Data!B:B,B14, Clean_Data!C:C,TEXT(DATEVALUE("1-"&RIGHT(A14,LEN(A14)-FIND(" ",A14))&"-"&B14),"mmmm") ) -> 166.7 | E14: 79.96 | F14: =(E14-E13)/E13 -> -0.042853723 | G14: =(D14-D13)/D13 -> 0.0072507553 | H14: =AVERAGEIFS( Clean_Data!H:H, Clean_Data!A:A,"Rural+Urban", Clean_Data!B:B,B14, Clean_Data!C:C,TEXT(DATEVALUE("1-"&RIGHT(A14,LEN(A14)-FIND(" ",A14))&"-"&B14),"mmmm") ) -> 190.1 | I14: =AVERAGEIFS( Clean_Data!V:V, Clean_Data!A:A,"Rural+Urban", Clean_Data!B:B,B14, Clean_Data!C:C,TEXT(DATEVALUE("1-"&RIGHT(A14,LEN(A14)-FIND(" ",A14))&"-"&B14),"mmmm") ) -> 163.9 | J14: =AVERAGEIFS( Clean_Data!Y:Y, Clean_Data!A:A,"Rural+Urban", Clean_Data!B:B,B14, Clean_Data!C:C,TEXT(DATEVALUE("1-"&RIGHT(A14,LEN(A14)-FIND(" ",A14))&"-"&B14),"mmmm") ) -> 154.8 | K14: =AVERAGEIFS( Clean_Data!X:X, Clean_Data!A:A,"Rural+Urban", Clean_Data!B:B,B14, Clean_Data!C:C,TEXT(DATEVALUE("1-"&RIGHT(A14,LEN(A14)-FIND(" ",A14))&"-"&B14),"mmmm") ) -> 169.9 | L14: =AVERAGEIFS( Clean_Data!P:P, Clean_Data!A:A,"Rural+Urban", Clean_Data!B:B,B14, Clean_Data!C:C,TEXT(DATEVALUE("1-"&RIGHT(A14,LEN(A14)-FIND(" ",A14))&"-"&B14),"mmmm") ) -> 169.7 | M14: =AVERAGEIFS( Clean_Data!D:D, Clean_Data!A:A,"Rural+Urban", Clean_Data!B:B,B14, Clean_Data!C:C,TEXT(DATEVALUE("1-"&RIGHT(A14,LEN(A14)-FIND(" ",A14))&"-"&B14),"mmmm") ) -> 148.2 | N14: =(H15-H14)/H14 -> -0.013150973 | O14: =(I15-I14)/I14 -> 0.0012202563 | P14: =(J15-J14)/J14 -> 0.0058139535 | Q14: =(K15-K14)/K14 -> 0.0041200706 | R14: =(L15-L14)/L14 -> -0.0088391279 | S14: =(M15-M14)/M14 -> 0.0033738192
A15: 2021 December | B15: 2021 | C15: December | D15: =AVERAGEIFS( Clean_Data!AD:AD, Clean_Data!A:A,"Rural+Urban", Clean_Data!B:B,B15, Clean_Data!C:C,TEXT(DATEVALUE("1-"&RIGHT(A15,LEN(A15)-FIND(" ",A15))&"-"&B15),"mmmm") ) -> 166.2 | E15: 73.76 | F15: =(E15-E14)/E14 -> -0.077538769 | G15: =(D15-D14)/D14 -> -0.0029994001 | H15: =AVERAGEIFS( Clean_Data!H:H, Clean_Data!A:A,"Rural+Urban", Clean_Data!B:B,B15, Clean_Data!C:C,TEXT(DATEVALUE("1-"&RIGHT(A15,LEN(A15)-FIND(" ",A15))&"-"&B15),"mmmm") ) -> 187.6 | I15: =AVERAGEIFS( Clean_Data!V:V, Clean_Data!A:A,"Rural+Urban", Clean_Data!B:B,B15, Clean_Data!C:C,TEXT(DATEVALUE("1-"&RIGHT(A15,LEN(A15)-FIND(" ",A15))&"-"&B15),"mmmm") ) -> 164.1 | J15: =AVERAGEIFS( Clean_Data!Y:Y, Clean_Data!A:A,"Rural+Urban", Clean_Data!B:B,B15, Clean_Data!C:C,TEXT(DATEVALUE("1-"&RIGHT(A15,LEN(A15)-FIND(" ",A15))&"-"&B15),"mmmm") ) -> 155.7 | K15: =AVERAGEIFS( Clean_Data!X:X, Clean_Data!A:A,"Rural+Urban", Clean_Data!B:B,B15, Clean_Data!C:C,TEXT(DATEVALUE("1-"&RIGHT(A15,LEN(A15)-FIND(" ",A15))&"-"&B15),"mmmm") ) -> 170.6 | L15: =AVERAGEIFS( Clean_Data!P:P, Clean_Data!A:A,"Rural+Urban", Clean_Data!B:B,B15, Clean_Data!C:C,TEXT(DATEVALUE("1-"&RIGHT(A15,LEN(A15)-FIND(" ",A15))&"-"&B15),"mmmm") ) -> 168.2 | M15: =AVERAGEIFS( Clean_Data!D:D, Clean_Data!A:A,"Rural+Urban", Clean_Data!B:B,B15, Clean_Data!C:C,TEXT(DATEVALUE("1-"&RIGHT(A15,LEN(A15)-FIND(" ",A15))&"-"&B15),"mmmm") ) -> 148.7 | N15: =(H16-H15)/H15 -> -0.015458422 | O15: =(I16-I15)/I15 -> 0.00060938452 | P15: =(J16-J15)/J15 -> 0.0051380861 | Q15: =(K16-K15)/K15 -> 0.0046893318 | R15: =(L16-L15)/L15 -> -0.010701546 | S15: =(M16-M15)/M15 -> 0.0053799597
A16: 2022 January | B16: 2022 | C16: January | D16: =AVERAGEIFS( Clean_Data!AD:AD, Clean_Data!A:A,"Rural+Urban", Clean_Data!B:B,B16, Clean_Data!C:C,TEXT(DATEVALUE("1-"&RIGHT(A16,LEN(A16)-FIND(" ",A16))&"-"&B16),"mmmm") ) -> 165.7 | E16: 83.31 | F16: =(E16-E15)/E15 -> 0.12947397 | G16: =(D16-D15)/D15 -> -0.0030084236 | H16: =AVERAGEIFS( Clean_Data!H:H, Clean_Data!A:A,"Rural+Urban", Clean_Data!B:B,B16, Clean_Data!C:C,TEXT(DATEVALUE("1-"&RIGHT(A16,LEN(A16)-FIND(" ",A16))&"-"&B16),"mmmm") ) -> 184.7 | I16: =AVERAGEIFS( Clean_Data!V:V, Clean_Data!A:A,"Rural+Urban", Clean_Data!B:B,B16, Clean_Data!C:C,TEXT(DATEVALUE("1-"&RIGHT(A16,LEN(A16)-FIND(" ",A16))&"-"&B16),"mmmm") ) -> 164.2 | J16: =AVERAGEIFS( Clean_Data!Y:Y, Clean_Data!A:A,"Rural+Urban", Clean_Data!B:B,B16, Clean_Data!C:C,TEXT(DATEVALUE("1-"&RIGHT(A16,LEN(A16)-FIND(" ",A16))&"-"&B16),"mmmm") ) -> 156.5 | K16: =AVERAGEIFS( Clean_Data!X:X, Clean_Data!A:A,"Rural+Urban", Clean_Data!B:B,B16, Clean_Data!C:C,TEXT(DATEVALUE("1-"&RIGHT(A16,LEN(A16)-FIND(" ",A16))&"-"&B16),"mmmm") ) -> 171.4 | L16: =AVERAGEIFS( Clean_Data!P:P, Clean_Data!A:A,"Rural+Urban", Clean_Data!B:B,B16, Clean_Data!C:C,TEXT(DATEVALUE("1-"&RIGHT(A16,LEN(A16)-FIND(" ",A16))&"-"&B16),"mmmm") ) -> 166.4 | M16: =AVERAGEIFS( Clean_Data!D:D, Clean_Data!A:A,"Rural+Urban", Clean_Data!B:B,B16, Clean_Data!C:C,TEXT(DATEVALUE("1-"&RIGHT(A16,LEN(A16)-FIND(" ",A16))&"-"&B16),"mmmm") ) -> 149.5 | N16: =(H17-H16)/H16 -> 0.001082837 | O16: =(I17-I16)/I16 -> 0.009135201 | P16: =(J17-J16)/J16 -> 0.0025559105 | Q16: =(K17-K16)/K16 -> 0.0046674446 | R16: =(L17-L16)/L16 -> -0.0012019231 | S16: =(M17-M16)/M16 -> 0.0033444816
... A31: 2023 April | B31: 2023 | C31: April | D31: =AVERAGEIFS( Clean_Data!AD:AD, Clean_Data!A:A,"Rural+Urban", Clean_Data!B:B,B31, Clean_Data!C:C,TEXT(DATEVALUE("1-"&RIGHT(A31,LEN(A31)-FIND(" ",A31))&"-"&B31),"mmmm") ) -> 178.1 | E31: 83.73 | F31: =(E31-E30)/E30 -> 0.070305509 | G31: =(D31-D30)/D30 -> 0.0050790068 | H31: =AVERAGEIFS( Clean_Data!H:H, Clean_Data!A:A,"Rural+Urban", Clean_Data!B:B,B31, Clean_Data!C:C,TEXT(DATEVALUE("1-"&RIGHT(A31,LEN(A31)-FIND(" ",A31))&"-"&B31),"mmmm") ) -> 174.9 | I31: =AVERAGEIFS( Clean_Data!V:V, Clean_Data!A:A,"Rural+Urban", Clean_Data!B:B,B31, Clean_Data!C:C,TEXT(DATEVALUE("1-"&RIGHT(A31,LEN(A31)-FIND(" ",A31))&"-"&B31),"mmmm") ) -> 181.7 | J31: =AVERAGEIFS( Clean_Data!Y:Y, Clean_Data!A:A,"Rural+Urban", Clean_Data!B:B,B31, Clean_Data!C:C,TEXT(DATEVALUE("1-"&RIGHT(A31,LEN(A31)-FIND(" ",A31))&"-"&B31),"mmmm") ) -> 164.5 | K31: =AVERAGEIFS( Clean_Data!X:X, Clean_Data!A:A,"Rural+Urban", Clean_Data!B:B,B31, Clean_Data!C:C,TEXT(DATEVALUE("1-"&RIGHT(A31,LEN(A31)-FIND(" ",A31))&"-"&B31),"mmmm") ) -> 185 | L31: =AVERAGEIFS( Clean_Data!P:P, Clean_Data!A:A,"Rural+Urban", Clean_Data!B:B,B31, Clean_Data!C:C,TEXT(DATEVALUE("1-"&RIGHT(A31,LEN(A31)-FIND(" ",A31))&"-"&B31),"mmmm") ) -> 177.9 | M31: =AVERAGEIFS( Clean_Data!D:D, Clean_Data!A:A,"Rural+Urban", Clean_Data!B:B,B31, Clean_Data!C:C,TEXT(DATEVALUE("1-"&RIGHT(A31,LEN(A31)-FIND(" ",A31))&"-"&B31),"mmmm") ) -> 173.8 | N31: =(H32-H31)/H31 -> -0.028016009 | O31: =(I32-I31)/I31 -> 0.0060539351 | P31: =(J32-J31)/J31 -> 0.0018237082 | Q31: =(K32-K31)/K31 -> 0.0037837838 | R31: =(L32-L31)/L31 -> 0.0067453626 | S31: =(M32-M31)/M31 -> -0.00057537399
A32: 2023 May | B32: 2023 | C32: May | D32: =AVERAGEIFS( Clean_Data!AD:AD, Clean_Data!A:A,"Rural+Urban", Clean_Data!B:B,B32, Clean_Data!C:C,TEXT(DATEVALUE("1-"&RIGHT(A32,LEN(A32)-FIND(" ",A32))&"-"&B32),"mmmm") ) -> 179.1 | E32: 76.16 | F32: =(E32-E31)/E31 -> -0.09040965 | G32: =(D32-D31)/D31 -> 0.0056148231 | H32: =AVERAGEIFS( Clean_Data!H:H, Clean_Data!A:A,"Rural+Urban", Clean_Data!B:B,B32, Clean_Data!C:C,TEXT(DATEVALUE("1-"&RIGHT(A32,LEN(A32)-FIND(" ",A32))&"-"&B32),"mmmm") ) -> 170 | I32: =AVERAGEIFS( Clean_Data!V:V, Clean_Data!A:A,"Rural+Urban", Clean_Data!B:B,B32, Clean_Data!C:C,TEXT(DATEVALUE("1-"&RIGHT(A32,LEN(A32)-FIND(" ",A32))&"-"&B32),"mmmm") ) -> 182.8 | J32: =AVERAGEIFS( Clean_Data!Y:Y, Clean_Data!A:A,"Rural+Urban", Clean_Data!B:B,B32, Clean_Data!C:C,TEXT(DATEVALUE("1-"&RIGHT(A32,LEN(A32)-FIND(" ",A32))&"-"&B32),"mmmm") ) -> 164.8 | K32: =AVERAGEIFS( Clean_Data!X:X, Clean_Data!A:A,"Rural+Urban", Clean_Data!B:B,B32, Clean_Data!C:C,TEXT(DATEVALUE("1-"&RIGHT(A32,LEN(A32)-FIND(" ",A32))&"-"&B32),"mmmm") ) -> 185.7 | L32: =AVERAGEIFS( Clean_Data!P:P, Clean_Data!A:A,"Rural+Urban", Clean_Data!B:B,B32, Clean_Data!C:C,TEXT(DATEVALUE("1-"&RIGHT(A32,LEN(A32)-FIND(" ",A32))&"-"&B32),"mmmm") ) -> 179.1 | M32: =AVERAGEIFS( Clean_Data!D:D, Clean_Data!A:A,"Rural+Urban", Clean_Data!B:B,B32, Clean_Data!C:C,TEXT(DATEVALUE("1-"&RIGHT(A32,LEN(A32)-FIND(" ",A32))&"-"&B32),"mmmm") ) -> 173.7 | N32: =(H32-H31)/H30 -> -0.02734375 | O32: =(I32-I31)/I31 -> 0.0060539351 | P32: =(J32-J31)/J31 -> 0.0018237082 | Q32: =(K32-K31)/K31 -> 0.0037837838 | R32: =(L32-L31)/L31 -> 0.0067453626 | S32: =(M32-M31)/M31 -> -0.00057537399
A34: Part B — CORREL(Oil MoM%, Category MoM%) — Ranked by Correlation
A35: CPI Category | B35: Correlation with Oil | C35: Interpretation
A36: Oils & Fats | B36: =CORREL(F$4:F$32,N4:N32) -> 0.47755972 | C36: Strong
A37: Fuel & Light | B37: =CORREL(F$4:F$32,O4:O32) -> 0.54820186 | C37: Strongest
A38: Transport | B38: =CORREL(F$4:F$32,P4:P32) -> 0.45408941 | C38: Strong
A39: Health | B39: =CORREL(F$4:F$32,Q4:Q32) -> -0.039727378 | C39: No relationship
A40: Food and Beverage | B40: =CORREL(F$4:F$32,R4:R32) -> 0.26859762 | C40: Moderate
A41: Cereals | B41: =CORREL(F$4:F$32,S4:S32) -> -0.27636163 | C41: Negative
A42: General Index | B42: =CORREL(F$4:F$32,G4:G32) -> 0.019185491 | C42: Very Weak
A45: Q5 Insights
A46: Fuel & Light has the strongest correlation (+0.548) with global Brent crude oil prices during 2021–2023. While India typically regulates domestic fuel prices through subsidies, during this specific period the government allowed multiple fuel price hikes as global oil surged to $120/barrel following the Russia-Ukraine war in 2022. This made domestic fuel prices unusually responsive to global oil movements.
A48: Oils & Fats is second strongest (+0.478). India imports ~60% of its edible oils — palm oil from Malaysia and soy oil linked to global commodity markets. When Brent crude rises, freight and production costs rise immediately making edible oils highly sensitive to oil price changes.
A50: Transport is third (+0.454) — directly makes sense since fuel is a major cost input for transport and logistics. When oil rises, transport costs follow closely.
A52: Food & Beverages shows moderate correlation (+0.269) — partially influenced by oil through transport and logistics costs, but also driven by domestic factors like monsoon and harvest so the relationship is not as strong.
A54: Cereals shows negative correlation (−0.276) — cereal prices in India are largely driven by domestic monsoon, MSP (Minimum Support Price set by government) and procurement policies. These are completely independent of global oil movements which is why the correlation is negative.
A56: Health shows almost zero correlation (−0.040) — healthcare prices are driven by domestic demand, medicine availability and hospital costs — completely unrelated to global oil.
A58: Key event: Russia-Ukraine war (February 2022) caused Brent crude to spike from $95 to $120/barrel in just 4 months. This is the period where Fuel & Light, Oils & Fats and Transport all show their sharpest MoM% spikes in your data — making it the most visible evidence of oil price transmission into Indian CPI.
